_id,label
60c5d6bf5659ea5e55deffcb,NONE
60c5d6bf5659ea5e55df028c,PRFN
60c5d6bf5659ea5e55def377,PRFN
60c5d6bf5659ea5e55def4c7,NONE
60c5d6bf5659ea5e55df01a6,NONE
60c5d6bf5659ea5e55def837,NONE
60c5d6bf5659ea5e55def6ec,PRFN
60c5d6bf5659ea5e55def29e,NONE
60c5d6bf5659ea5e55defa01,OFFN
60c5d6bf5659ea5e55def464,NONE
60c5d6bf5659ea5e55df020f,PRFN
60c5d6bf5659ea5e55defb48,PRFN
60c5d6bf5659ea5e55def1a8,HATE
60c5d6bf5659ea5e55defc80,HATE
60c5d6bf5659ea5e55defc3e,HATE
60c5d6bf5659ea5e55def2e2,PRFN
60c5d6bf5659ea5e55defbd6,OFFN
60c5d6bf5659ea5e55defc41,HATE
60c5d6bf5659ea5e55df0176,NONE
60c5d6bf5659ea5e55df027b,HATE
60c5d6bf5659ea5e55df01eb,PRFN
60c5d6bf5659ea5e55def27f,PRFN
60c5d6bf5659ea5e55df02e2,NONE
60c5d6bf5659ea5e55df01b9,NONE
60c5d6bf5659ea5e55defaa7,OFFN
60c5d6bf5659ea5e55defae9,PRFN
60c5d6bf5659ea5e55df002d,OFFN
60c5d6bf5659ea5e55def466,PRFN
60c5d6bf5659ea5e55df0289,NONE
60c5d6bf5659ea5e55def2a8,NONE
60c5d6bf5659ea5e55def994,PRFN
60c5d6bf5659ea5e55def7cd,PRFN
60c5d6bf5659ea5e55deff31,PRFN
60c5d6bf5659ea5e55df0218,PRFN
60c5d6bf5659ea5e55def29f,OFFN
60c5d6bf5659ea5e55defeea,OFFN
60c5d6bf5659ea5e55def2b8,PRFN
60c5d6bf5659ea5e55defed1,OFFN
60c5d6bf5659ea5e55defed8,HATE
60c5d6bf5659ea5e55defdcc,OFFN
60c5d6bf5659ea5e55def50b,NONE
60c5d6bf5659ea5e55df0149,HATE
60c5d6bf5659ea5e55def497,NONE
60c5d6bf5659ea5e55df0472,NONE
60c5d6bf5659ea5e55df0290,PRFN
60c5d6bf5659ea5e55def792,HATE
60c5d6bf5659ea5e55defb7f,NONE
60c5d6bf5659ea5e55def130,PRFN
60c5d6bf5659ea5e55def3f9,PRFN
60c5d6bf5659ea5e55df0024,OFFN
60c5d6bf5659ea5e55def502,NONE
60c5d6bf5659ea5e55def6b3,PRFN
60c5d6bf5659ea5e55defff1,NONE
60c5d6bf5659ea5e55df0457,PRFN
60c5d6bf5659ea5e55defc14,HATE
60c5d6bf5659ea5e55df0323,PRFN
60c5d6bf5659ea5e55df035b,HATE
60c5d6bf5659ea5e55def1cf,PRFN
60c5d6bf5659ea5e55deff15,NONE
60c5d6bf5659ea5e55def491,PRFN
60c5d6bf5659ea5e55df016f,PRFN
60c5d6bf5659ea5e55def75c,PRFN
60c5d6bf5659ea5e55def560,PRFN
60c5d6bf5659ea5e55df01ed,NONE
60c5d6bf5659ea5e55def6c4,NONE
60c5d6bf5659ea5e55df0337,PRFN
60c5d6bf5659ea5e55df036e,PRFN
60c5d6bf5659ea5e55defcb2,PRFN
60c5d6bf5659ea5e55deffa4,PRFN
60c5d6bf5659ea5e55df014f,NONE
60c5d6bf5659ea5e55def2e5,OFFN
60c5d6bf5659ea5e55def764,OFFN
60c5d6bf5659ea5e55def629,NONE
60c5d6bf5659ea5e55defa5b,PRFN
60c5d6bf5659ea5e55def288,PRFN
60c5d6bf5659ea5e55def26d,NONE
60c5d6bf5659ea5e55def65b,PRFN
60c5d6bf5659ea5e55def317,HATE
60c5d6bf5659ea5e55def235,PRFN
60c5d6bf5659ea5e55df0041,PRFN
60c5d6bf5659ea5e55defe17,PRFN
60c5d6bf5659ea5e55df02d0,PRFN
60c5d6bf5659ea5e55df00cb,PRFN
60c5d6bf5659ea5e55df02a9,NONE
60c5d6bf5659ea5e55def650,PRFN
60c5d6bf5659ea5e55def307,NONE
60c5d6bf5659ea5e55def5ef,HATE
60c5d6bf5659ea5e55defcc7,PRFN
60c5d6bf5659ea5e55df00e1,NONE
60c5d6bf5659ea5e55df0059,PRFN
60c5d6bf5659ea5e55df010b,NONE
60c5d6bf5659ea5e55defe81,NONE
60c5d6bf5659ea5e55defcb1,NONE
60c5d6bf5659ea5e55def569,PRFN
60c5d6bf5659ea5e55def28b,OFFN
60c5d6bf5659ea5e55defd35,NONE
60c5d6bf5659ea5e55df0314,PRFN
60c5d6bf5659ea5e55def53b,NONE
60c5d6bf5659ea5e55df0286,PRFN
60c5d6bf5659ea5e55df00fe,PRFN
60c5d6bf5659ea5e55def10d,PRFN
60c5d6bf5659ea5e55df0030,PRFN
60c5d6bf5659ea5e55defab3,NONE
60c5d6bf5659ea5e55defdc1,PRFN
60c5d6bf5659ea5e55def1e4,HATE
60c5d6bf5659ea5e55df0158,OFFN
60c5d6bf5659ea5e55def45a,NONE
60c5d6bf5659ea5e55def9d6,PRFN
60c5d6bf5659ea5e55defb9e,PRFN
60c5d6bf5659ea5e55defa7d,NONE
60c5d6bf5659ea5e55defca3,PRFN
60c5d6bf5659ea5e55defb94,PRFN
60c5d6bf5659ea5e55def766,NONE
60c5d6bf5659ea5e55def254,HATE
60c5d6bf5659ea5e55df047e,PRFN
60c5d6bf5659ea5e55def4b8,NONE
60c5d6bf5659ea5e55def8bc,PRFN
60c5d6bf5659ea5e55defc27,PRFN
60c5d6bf5659ea5e55df02cd,PRFN
60c5d6bf5659ea5e55def66e,PRFN
60c5d6bf5659ea5e55df0195,NONE
60c5d6bf5659ea5e55defd5e,PRFN
60c5d6bf5659ea5e55df0261,HATE
60c5d6bf5659ea5e55def6bd,NONE
60c5d6bf5659ea5e55df00b2,NONE
60c5d6bf5659ea5e55df02d4,NONE
60c5d6bf5659ea5e55def84d,PRFN
60c5d6bf5659ea5e55defbe0,PRFN
60c5d6bf5659ea5e55defe02,HATE
60c5d6bf5659ea5e55df016d,PRFN
60c5d6bf5659ea5e55def4a7,HATE
60c5d6bf5659ea5e55df0026,PRFN
60c5d6bf5659ea5e55df01dc,PRFN
60c5d6bf5659ea5e55df01b5,HATE
60c5d6bf5659ea5e55df03c9,NONE
60c5d6bf5659ea5e55df02dd,PRFN
60c5d6bf5659ea5e55defd30,OFFN
60c5d6bf5659ea5e55def8fb,OFFN
60c5d6bf5659ea5e55def5a5,PRFN
60c5d6bf5659ea5e55def81e,NONE
60c5d6bf5659ea5e55def914,NONE
60c5d6bf5659ea5e55def8bd,PRFN
60c5d6bf5659ea5e55def921,PRFN
60c5d6bf5659ea5e55def92b,PRFN
60c5d6bf5659ea5e55df0019,PRFN
60c5d6bf5659ea5e55df0422,PRFN
60c5d6bf5659ea5e55defc0b,PRFN
60c5d6bf5659ea5e55def8b6,NONE
60c5d6bf5659ea5e55def465,NONE
60c5d6bf5659ea5e55df03a2,NONE
60c5d6bf5659ea5e55def9e2,NONE
60c5d6bf5659ea5e55def5a2,NONE
60c5d6bf5659ea5e55df01d4,PRFN
60c5d6bf5659ea5e55df01dd,HATE
60c5d6bf5659ea5e55df04f3,OFFN
60c5d6bf5659ea5e55def64e,PRFN
60c5d6bf5659ea5e55def4e9,PRFN
60c5d6bf5659ea5e55defd5f,PRFN
60c5d6bf5659ea5e55defb01,PRFN
60c5d6bf5659ea5e55df013f,PRFN
60c5d6bf5659ea5e55df0474,PRFN
60c5d6bf5659ea5e55df04d7,PRFN
60c5d6bf5659ea5e55df00b3,NONE
60c5d6bf5659ea5e55defe74,NONE
60c5d6bf5659ea5e55def572,NONE
60c5d6bf5659ea5e55defe2a,NONE
60c5d6bf5659ea5e55def112,NONE
60c5d6bf5659ea5e55def9c3,PRFN
60c5d6bf5659ea5e55def562,PRFN
60c5d6bf5659ea5e55deff7c,NONE
60c5d6bf5659ea5e55def34c,OFFN
60c5d6bf5659ea5e55defb35,NONE
60c5d6bf5659ea5e55df0221,OFFN
60c5d6bf5659ea5e55def672,PRFN
60c5d6bf5659ea5e55df048f,NONE
60c5d6bf5659ea5e55def693,NONE
60c5d6bf5659ea5e55df041a,PRFN
60c5d6bf5659ea5e55df046d,PRFN
60c5d6bf5659ea5e55def653,PRFN
60c5d6bf5659ea5e55df0211,PRFN
60c5d6bf5659ea5e55def75f,PRFN
60c5d6bf5659ea5e55def39f,PRFN
60c5d6bf5659ea5e55def501,OFFN
60c5d6bf5659ea5e55deffdc,PRFN
60c5d6bf5659ea5e55def7bf,OFFN
60c5d6bf5659ea5e55deff8d,PRFN
60c5d6bf5659ea5e55defc94,NONE
60c5d6bf5659ea5e55deff06,NONE
60c5d6bf5659ea5e55deff41,PRFN
60c5d6bf5659ea5e55df04b1,OFFN
60c5d6bf5659ea5e55def40d,NONE
60c5d6bf5659ea5e55def620,OFFN
60c5d6bf5659ea5e55df026b,NONE
60c5d6bf5659ea5e55df0222,PRFN
60c5d6bf5659ea5e55df0266,PRFN
60c5d6bf5659ea5e55df0274,PRFN
60c5d6bf5659ea5e55def6d1,PRFN
60c5d6bf5659ea5e55df047a,NONE
60c5d6bf5659ea5e55df035f,PRFN
60c5d6bf5659ea5e55df006a,OFFN
60c5d6bf5659ea5e55defa76,HATE
60c5d6bf5659ea5e55df033f,PRFN
60c5d6bf5659ea5e55deff9b,HATE
60c5d6bf5659ea5e55defe66,OFFN
60c5d6bf5659ea5e55def117,NONE
60c5d6bf5659ea5e55df0246,PRFN
60c5d6bf5659ea5e55def252,PRFN
60c5d6bf5659ea5e55df0051,OFFN
60c5d6bf5659ea5e55df02b0,PRFN
60c5d6bf5659ea5e55defd53,NONE
60c5d6bf5659ea5e55defe95,NONE
60c5d6bf5659ea5e55df000b,NONE
60c5d6bf5659ea5e55defbbf,PRFN
60c5d6bf5659ea5e55df04ad,HATE
60c5d6bf5659ea5e55defee9,NONE
60c5d6bf5659ea5e55defa82,OFFN
60c5d6bf5659ea5e55def2e3,NONE
60c5d6bf5659ea5e55def48c,PRFN
60c5d6bf5659ea5e55def514,HATE
60c5d6bf5659ea5e55defda9,HATE
60c5d6bf5659ea5e55def7c2,PRFN
60c5d6bf5659ea5e55defa8e,NONE
60c5d6bf5659ea5e55def62c,NONE
60c5d6bf5659ea5e55def3c8,PRFN
60c5d6bf5659ea5e55df037e,PRFN
60c5d6bf5659ea5e55def966,NONE
60c5d6bf5659ea5e55df045e,PRFN
60c5d6bf5659ea5e55def95b,HATE
60c5d6bf5659ea5e55def344,HATE
60c5d6bf5659ea5e55defec3,PRFN
60c5d6bf5659ea5e55def3f7,OFFN
60c5d6bf5659ea5e55def6db,PRFN
60c5d6bf5659ea5e55df04ce,PRFN
60c5d6bf5659ea5e55def125,PRFN
60c5d6bf5659ea5e55def95a,PRFN
60c5d6bf5659ea5e55def98c,NONE
60c5d6bf5659ea5e55def239,PRFN
60c5d6bf5659ea5e55defc51,PRFN
60c5d6bf5659ea5e55def7f1,NONE
60c5d6bf5659ea5e55defb2e,PRFN
60c5d6bf5659ea5e55def680,HATE
60c5d6bf5659ea5e55def422,PRFN
60c5d6bf5659ea5e55df0374,NONE
60c5d6bf5659ea5e55def189,PRFN
60c5d6bf5659ea5e55def852,PRFN
60c5d6bf5659ea5e55deff56,HATE
60c5d6bf5659ea5e55deffbb,NONE
60c5d6bf5659ea5e55defca1,NONE
60c5d6bf5659ea5e55defe06,PRFN
60c5d6bf5659ea5e55defceb,NONE
60c5d6bf5659ea5e55def2bd,HATE
60c5d6bf5659ea5e55def967,NONE
60c5d6bf5659ea5e55def5c4,PRFN
60c5d6bf5659ea5e55df02fc,PRFN
60c5d6bf5659ea5e55def433,PRFN
60c5d6bf5659ea5e55def985,NONE
60c5d6bf5659ea5e55def475,PRFN
60c5d6bf5659ea5e55def6d2,NONE
60c5d6bf5659ea5e55def4e3,PRFN
60c5d6bf5659ea5e55def73c,PRFN
60c5d6bf5659ea5e55defa9b,PRFN
60c5d6bf5659ea5e55def205,PRFN
60c5d6bf5659ea5e55defd97,PRFN
60c5d6bf5659ea5e55df01df,OFFN
60c5d6bf5659ea5e55defca7,PRFN
60c5d6bf5659ea5e55def9f0,PRFN
60c5d6bf5659ea5e55defeb0,PRFN
60c5d6bf5659ea5e55defdc0,NONE
60c5d6bf5659ea5e55df0178,PRFN
60c5d6bf5659ea5e55df0236,HATE
60c5d6bf5659ea5e55df0172,NONE
60c5d6bf5659ea5e55def3af,NONE
60c5d6bf5659ea5e55deff6f,NONE
60c5d6bf5659ea5e55defe0e,PRFN
60c5d6bf5659ea5e55df0203,NONE
60c5d6bf5659ea5e55def6ab,PRFN
60c5d6bf5659ea5e55def61a,NONE
60c5d6bf5659ea5e55defc79,HATE
60c5d6bf5659ea5e55defd7f,PRFN
60c5d6bf5659ea5e55def86d,OFFN
60c5d6bf5659ea5e55df0168,NONE
60c5d6bf5659ea5e55defbb7,NONE
60c5d6bf5659ea5e55def534,PRFN
60c5d6bf5659ea5e55deff3b,HATE
60c5d6bf5659ea5e55df047f,NONE
60c5d6bf5659ea5e55def323,PRFN
60c5d6bf5659ea5e55def920,OFFN
60c5d6bf5659ea5e55defd1c,OFFN
60c5d6bf5659ea5e55defffb,PRFN
60c5d6bf5659ea5e55def212,OFFN
60c5d6bf5659ea5e55def9e9,OFFN
60c5d6bf5659ea5e55df025c,NONE
60c5d6bf5659ea5e55def6b2,HATE
60c5d6bf5659ea5e55deff9e,OFFN
60c5d6bf5659ea5e55defa41,PRFN
60c5d6bf5659ea5e55defda2,NONE
60c5d6bf5659ea5e55df00a8,PRFN
60c5d6bf5659ea5e55defd61,NONE
60c5d6bf5659ea5e55def4f6,PRFN
60c5d6bf5659ea5e55def110,OFFN
60c5d6bf5659ea5e55deffef,OFFN
60c5d6bf5659ea5e55defe16,OFFN
60c5d6bf5659ea5e55defe72,NONE
60c5d6bf5659ea5e55df01f9,PRFN
60c5d6bf5659ea5e55def1bd,OFFN
60c5d6bf5659ea5e55defa96,HATE
60c5d6bf5659ea5e55def5fa,HATE
60c5d6bf5659ea5e55df046e,NONE
60c5d6bf5659ea5e55def896,NONE
60c5d6bf5659ea5e55def937,HATE
60c5d6bf5659ea5e55def7c6,HATE
60c5d6bf5659ea5e55deff57,PRFN
60c5d6bf5659ea5e55def8e3,OFFN
60c5d6bf5659ea5e55def773,PRFN
60c5d6bf5659ea5e55defbf7,PRFN
60c5d6bf5659ea5e55def180,NONE
60c5d6bf5659ea5e55def4fb,OFFN
60c5d6bf5659ea5e55df0310,PRFN
60c5d6bf5659ea5e55def88e,OFFN
60c5d6bf5659ea5e55def203,PRFN
60c5d6bf5659ea5e55defdd5,PRFN
60c5d6bf5659ea5e55def7a9,NONE
60c5d6bf5659ea5e55df01da,OFFN
60c5d6bf5659ea5e55def612,NONE
60c5d6bf5659ea5e55deffca,NONE
60c5d6bf5659ea5e55df042c,PRFN
60c5d6bf5659ea5e55def5d9,NONE
60c5d6bf5659ea5e55defc61,PRFN
60c5d6bf5659ea5e55def9f2,PRFN
60c5d6bf5659ea5e55df0277,NONE
60c5d6bf5659ea5e55def5be,OFFN
60c5d6bf5659ea5e55defeba,HATE
60c5d6bf5659ea5e55df0194,NONE
60c5d6bf5659ea5e55deff27,NONE
60c5d6bf5659ea5e55defcec,PRFN
60c5d6bf5659ea5e55def12b,PRFN
60c5d6bf5659ea5e55df01aa,PRFN
60c5d6bf5659ea5e55def5a6,PRFN
60c5d6bf5659ea5e55def7e3,PRFN
60c5d6bf5659ea5e55def6c8,NONE
60c5d6bf5659ea5e55df01ca,OFFN
60c5d6bf5659ea5e55def4ee,PRFN
60c5d6bf5659ea5e55def3c2,OFFN
60c5d6bf5659ea5e55df0017,PRFN
60c5d6bf5659ea5e55def7a5,NONE
60c5d6bf5659ea5e55defc68,PRFN
60c5d6bf5659ea5e55defa87,PRFN
60c5d6bf5659ea5e55defa7b,NONE
60c5d6bf5659ea5e55defc02,OFFN
60c5d6bf5659ea5e55deffcf,PRFN
60c5d6bf5659ea5e55defaa1,NONE
60c5d6bf5659ea5e55df0012,NONE
60c5d6bf5659ea5e55def85c,PRFN
60c5d6bf5659ea5e55defddc,NONE
60c5d6bf5659ea5e55def4a0,PRFN
60c5d6bf5659ea5e55defb71,PRFN
60c5d6bf5659ea5e55def2f0,OFFN
60c5d6bf5659ea5e55def8b3,PRFN
60c5d6bf5659ea5e55defc29,PRFN
60c5d6bf5659ea5e55defb2d,NONE
60c5d6bf5659ea5e55def6fe,NONE
60c5d6bf5659ea5e55df0013,OFFN
60c5d6bf5659ea5e55df04ae,NONE
60c5d6bf5659ea5e55def291,NONE
60c5d6bf5659ea5e55defcba,PRFN
60c5d6bf5659ea5e55def69e,OFFN
60c5d6bf5659ea5e55defb00,NONE
60c5d6bf5659ea5e55df015c,PRFN
60c5d6bf5659ea5e55def46a,PRFN
60c5d6bf5659ea5e55def3b9,PRFN
60c5d6bf5659ea5e55df037d,HATE
60c5d6bf5659ea5e55defb79,PRFN
60c5d6bf5659ea5e55defbab,NONE
60c5d6bf5659ea5e55def23b,PRFN
60c5d6bf5659ea5e55def357,NONE
60c5d6bf5659ea5e55def1d2,NONE
60c5d6bf5659ea5e55def9ee,PRFN
60c5d6bf5659ea5e55deff24,PRFN
60c5d6bf5659ea5e55df00f9,NONE
60c5d6bf5659ea5e55def39b,PRFN
60c5d6bf5659ea5e55defdbf,OFFN
60c5d6bf5659ea5e55def8f9,OFFN
60c5d6bf5659ea5e55def240,OFFN
60c5d6bf5659ea5e55defc78,HATE
60c5d6bf5659ea5e55def2b4,HATE
60c5d6bf5659ea5e55defd95,PRFN
60c5d6bf5659ea5e55df0452,NONE
60c5d6bf5659ea5e55def8db,PRFN
60c5d6bf5659ea5e55df03ad,PRFN
60c5d6bf5659ea5e55df02fb,HATE
60c5d6bf5659ea5e55def9c5,HATE
60c5d6bf5659ea5e55def2d0,PRFN
60c5d6bf5659ea5e55df0133,NONE
60c5d6bf5659ea5e55def5e2,NONE
60c5d6bf5659ea5e55df045b,PRFN
60c5d6bf5659ea5e55defa07,PRFN
60c5d6bf5659ea5e55defd59,NONE
60c5d6bf5659ea5e55def353,NONE
60c5d6bf5659ea5e55def6c5,NONE
60c5d6bf5659ea5e55deff3d,PRFN
60c5d6bf5659ea5e55df0096,NONE
60c5d6bf5659ea5e55df03f4,HATE
60c5d6bf5659ea5e55def525,NONE
60c5d6bf5659ea5e55def4e6,NONE
60c5d6bf5659ea5e55df041e,NONE
60c5d6bf5659ea5e55defec8,OFFN
60c5d6bf5659ea5e55defb43,HATE
60c5d6bf5659ea5e55def368,HATE
60c5d6bf5659ea5e55def5dd,OFFN
60c5d6bf5659ea5e55def5b7,PRFN
60c5d6bf5659ea5e55def7ea,OFFN
60c5d6bf5659ea5e55defa83,PRFN
60c5d6bf5659ea5e55def780,PRFN
60c5d6bf5659ea5e55def7c1,PRFN
60c5d6bf5659ea5e55def0fd,OFFN
60c5d6bf5659ea5e55def76c,OFFN
60c5d6bf5659ea5e55def8ba,HATE
60c5d6bf5659ea5e55def542,PRFN
60c5d6bf5659ea5e55df0044,PRFN
60c5d6bf5659ea5e55deff4b,HATE
60c5d6bf5659ea5e55df03d3,PRFN
60c5d6bf5659ea5e55defd47,HATE
60c5d6bf5659ea5e55def881,OFFN
60c5d6bf5659ea5e55defa52,OFFN
60c5d6bf5659ea5e55def759,PRFN
60c5d6bf5659ea5e55df035e,NONE
60c5d6bf5659ea5e55def4fe,NONE
60c5d6bf5659ea5e55df042b,PRFN
60c5d6bf5659ea5e55def906,PRFN
60c5d6bf5659ea5e55defaf5,PRFN
60c5d6bf5659ea5e55def1b6,HATE
60c5d6bf5659ea5e55defc43,HATE
60c5d6bf5659ea5e55def698,PRFN
60c5d6bf5659ea5e55defaa0,PRFN
60c5d6bf5659ea5e55def430,OFFN
60c5d6bf5659ea5e55def7fd,NONE
60c5d6bf5659ea5e55def467,PRFN
60c5d6bf5659ea5e55defe79,HATE
60c5d6bf5659ea5e55deff73,NONE
60c5d6bf5659ea5e55def41f,NONE
60c5d6bf5659ea5e55def277,NONE
60c5d6bf5659ea5e55df0179,PRFN
60c5d6bf5659ea5e55df0272,PRFN
60c5d6bf5659ea5e55def61b,HATE
60c5d6bf5659ea5e55defcf0,OFFN
60c5d6bf5659ea5e55deff74,NONE
60c5d6bf5659ea5e55def143,PRFN
60c5d6bf5659ea5e55def43c,PRFN
60c5d6bf5659ea5e55df021f,NONE
60c5d6bf5659ea5e55df0269,HATE
60c5d6bf5659ea5e55defe43,NONE
60c5d6bf5659ea5e55df03ee,OFFN
60c5d6bf5659ea5e55df0371,PRFN
60c5d6bf5659ea5e55def4ca,OFFN
60c5d6bf5659ea5e55df0483,OFFN
60c5d6bf5659ea5e55df0394,HATE
60c5d6bf5659ea5e55df007d,NONE
60c5d6bf5659ea5e55defb7a,NONE
60c5d6bf5659ea5e55def253,PRFN
60c5d6bf5659ea5e55def8e7,NONE
60c5d6bf5659ea5e55def1ef,HATE
60c5d6bf5659ea5e55deff26,HATE
60c5d6bf5659ea5e55def129,PRFN
60c5d6bf5659ea5e55df0316,OFFN
60c5d6bf5659ea5e55df0467,NONE
60c5d6bf5659ea5e55def8dd,PRFN
60c5d6bf5659ea5e55df02bd,PRFN
60c5d6bf5659ea5e55def60e,PRFN
60c5d6bf5659ea5e55df04c6,OFFN
60c5d6bf5659ea5e55def43e,OFFN
60c5d6bf5659ea5e55def30e,PRFN
60c5d6bf5659ea5e55def4aa,OFFN
60c5d6bf5659ea5e55df01be,PRFN
60c5d6bf5659ea5e55df0088,HATE
60c5d6bf5659ea5e55def7f3,NONE
60c5d6bf5659ea5e55df0296,PRFN
60c5d6bf5659ea5e55def912,PRFN
60c5d6bf5659ea5e55def82b,PRFN
60c5d6bf5659ea5e55def610,PRFN
60c5d6bf5659ea5e55def750,PRFN
60c5d6bf5659ea5e55def330,PRFN
60c5d6bf5659ea5e55def825,HATE
60c5d6bf5659ea5e55defc64,OFFN
60c5d6bf5659ea5e55def5f3,HATE
60c5d6bf5659ea5e55def8b5,NONE
60c5d6bf5659ea5e55df0239,OFFN
60c5d6bf5659ea5e55df0401,OFFN
60c5d6bf5659ea5e55def971,PRFN
60c5d6bf5659ea5e55def2d2,PRFN
60c5d6bf5659ea5e55def7c0,NONE
60c5d6bf5659ea5e55def241,PRFN
60c5d6bf5659ea5e55def646,PRFN
60c5d6bf5659ea5e55def91e,PRFN
60c5d6bf5659ea5e55def68b,NONE
60c5d6bf5659ea5e55defae3,PRFN
60c5d6bf5659ea5e55df001c,PRFN
60c5d6bf5659ea5e55df03c1,PRFN
60c5d6bf5659ea5e55df021c,NONE
60c5d6bf5659ea5e55defcbc,PRFN
60c5d6bf5659ea5e55def8df,NONE
60c5d6bf5659ea5e55def232,NONE
60c5d6bf5659ea5e55def6b8,PRFN
60c5d6bf5659ea5e55deff59,NONE
60c5d6bf5659ea5e55defb40,PRFN
60c5d6bf5659ea5e55defd4b,HATE
60c5d6bf5659ea5e55df01b7,PRFN
60c5d6bf5659ea5e55def7f4,PRFN
60c5d6bf5659ea5e55defb49,PRFN
60c5d6bf5659ea5e55def32c,NONE
60c5d6bf5659ea5e55def3b5,PRFN
60c5d6bf5659ea5e55deffec,NONE
60c5d6bf5659ea5e55def823,PRFN
60c5d6bf5659ea5e55defac4,PRFN
60c5d6bf5659ea5e55deff0d,HATE
60c5d6bf5659ea5e55defa7f,NONE
60c5d6bf5659ea5e55df007b,HATE
60c5d6bf5659ea5e55def380,NONE
60c5d6bf5659ea5e55defa37,PRFN
60c5d6bf5659ea5e55defd73,HATE
60c5d6bf5659ea5e55def5bc,PRFN
60c5d6bf5659ea5e55def927,HATE
60c5d6bf5659ea5e55def5ed,PRFN
60c5d6bf5659ea5e55defa73,OFFN
60c5d6bf5659ea5e55def625,PRFN
60c5d6bf5659ea5e55def280,NONE
60c5d6bf5659ea5e55df0016,NONE
60c5d6bf5659ea5e55def75e,NONE
60c5d6bf5659ea5e55df0144,PRFN
60c5d6bf5659ea5e55def37f,NONE
60c5d6bf5659ea5e55defd77,PRFN
60c5d6bf5659ea5e55df0082,PRFN
60c5d6bf5659ea5e55def210,PRFN
60c5d6bf5659ea5e55def778,OFFN
60c5d6bf5659ea5e55defdf7,OFFN
60c5d6bf5659ea5e55def982,PRFN
60c5d6bf5659ea5e55def634,NONE
60c5d6bf5659ea5e55defc86,NONE
60c5d6bf5659ea5e55df0137,PRFN
60c5d6bf5659ea5e55def923,PRFN
60c5d6bf5659ea5e55def27a,OFFN
60c5d6bf5659ea5e55df0103,NONE
60c5d6bf5659ea5e55df011c,OFFN
60c5d6bf5659ea5e55def173,HATE
60c5d6bf5659ea5e55df03b1,NONE
60c5d6bf5659ea5e55def9a2,NONE
60c5d6bf5659ea5e55defc09,NONE
60c5d6bf5659ea5e55df0417,PRFN
60c5d6bf5659ea5e55df0367,PRFN
60c5d6bf5659ea5e55defac9,NONE
60c5d6bf5659ea5e55def5c2,PRFN
60c5d6bf5659ea5e55def992,HATE
60c5d6bf5659ea5e55def6dc,PRFN
60c5d6bf5659ea5e55defb4a,HATE
60c5d6bf5659ea5e55def986,NONE
60c5d6bf5659ea5e55def671,NONE
60c5d6bf5659ea5e55def7b7,NONE
60c5d6bf5659ea5e55defc2b,OFFN
60c5d6bf5659ea5e55def9af,PRFN
60c5d6bf5659ea5e55def1fb,NONE
60c5d6bf5659ea5e55def424,NONE
60c5d6bf5659ea5e55df024b,PRFN
60c5d6bf5659ea5e55defcc1,PRFN
60c5d6bf5659ea5e55defc60,NONE
60c5d6bf5659ea5e55df015e,PRFN
60c5d6bf5659ea5e55defeec,HATE
60c5d6bf5659ea5e55def54c,PRFN
60c5d6bf5659ea5e55defa06,NONE
60c5d6bf5659ea5e55df03e4,NONE
60c5d6bf5659ea5e55df0450,OFFN
60c5d6bf5659ea5e55defe33,HATE
60c5d6bf5659ea5e55df0040,NONE
60c5d6bf5659ea5e55df04b4,PRFN
60c5d6bf5659ea5e55def93a,PRFN
60c5d6bf5659ea5e55def32a,PRFN
60c5d6bf5659ea5e55def6c7,PRFN
60c5d6bf5659ea5e55defaf6,HATE
60c5d6bf5659ea5e55def40c,PRFN
60c5d6bf5659ea5e55def201,PRFN
60c5d6bf5659ea5e55def67a,PRFN
60c5d6bf5659ea5e55deffa2,OFFN
60c5d6bf5659ea5e55def529,OFFN
60c5d6bf5659ea5e55def609,PRFN
60c5d6bf5659ea5e55df03d7,PRFN
60c5d6bf5659ea5e55defe45,HATE
60c5d6bf5659ea5e55defbc1,HATE
60c5d6bf5659ea5e55def2b1,PRFN
60c5d6bf5659ea5e55df0459,NONE
60c5d6bf5659ea5e55def365,PRFN
60c5d6bf5659ea5e55deff5b,PRFN
60c5d6bf5659ea5e55def312,PRFN
60c5d6bf5659ea5e55def160,HATE
60c5d6bf5659ea5e55df0339,HATE
60c5d6bf5659ea5e55defb02,PRFN
60c5d6bf5659ea5e55df04e1,OFFN
60c5d6bf5659ea5e55defa00,HATE
60c5d6bf5659ea5e55df02f1,PRFN
60c5d6bf5659ea5e55def803,PRFN
60c5d6bf5659ea5e55defc3d,OFFN
60c5d6bf5659ea5e55df0321,PRFN
60c5d6bf5659ea5e55def598,OFFN
60c5d6bf5659ea5e55defd46,HATE
60c5d6bf5659ea5e55df000f,NONE
60c5d6bf5659ea5e55def7d0,HATE
60c5d6bf5659ea5e55def311,NONE
60c5d6bf5659ea5e55df01ab,HATE
60c5d6bf5659ea5e55def57c,HATE
60c5d6bf5659ea5e55def114,PRFN
60c5d6bf5659ea5e55defc6f,PRFN
60c5d6bf5659ea5e55def85b,PRFN
60c5d6bf5659ea5e55def219,PRFN
60c5d6bf5659ea5e55def71f,OFFN
60c5d6bf5659ea5e55deffed,NONE
60c5d6bf5659ea5e55def92c,NONE
60c5d6bf5659ea5e55df0002,OFFN
60c5d6bf5659ea5e55df00fa,PRFN
60c5d6bf5659ea5e55df0169,OFFN
60c5d6bf5659ea5e55defb47,PRFN
60c5d6bf5659ea5e55def227,PRFN
60c5d6bf5659ea5e55defbf2,PRFN
60c5d6bf5659ea5e55df00b0,PRFN
60c5d6bf5659ea5e55df0202,PRFN
60c5d6bf5659ea5e55def135,NONE
60c5d6bf5659ea5e55def55d,OFFN
60c5d6bf5659ea5e55def2e8,NONE
60c5d6bf5659ea5e55def580,PRFN
60c5d6bf5659ea5e55df0235,PRFN
60c5d6bf5659ea5e55def3c5,NONE
60c5d6bf5659ea5e55df0384,PRFN
60c5d6bf5659ea5e55def838,OFFN
60c5d6bf5659ea5e55defbea,NONE
60c5d6bf5659ea5e55df04d4,PRFN
60c5d6bf5659ea5e55df048a,NONE
60c5d6bf5659ea5e55def4bd,NONE
60c5d6bf5659ea5e55def123,PRFN
60c5d6bf5659ea5e55df0242,PRFN
60c5d6bf5659ea5e55def224,PRFN
60c5d6bf5659ea5e55def7e9,NONE
60c5d6bf5659ea5e55def523,OFFN
60c5d6bf5659ea5e55defefd,PRFN
60c5d6bf5659ea5e55defef9,NONE
60c5d6bf5659ea5e55deff69,OFFN
60c5d6bf5659ea5e55defc77,OFFN
60c5d6bf5659ea5e55df019c,PRFN
60c5d6bf5659ea5e55deff03,NONE
60c5d6bf5659ea5e55defd0c,HATE
60c5d6bf5659ea5e55df02b6,PRFN
60c5d6bf5659ea5e55df04e8,HATE
60c5d6bf5659ea5e55df0181,PRFN
60c5d6bf5659ea5e55def7f8,PRFN
60c5d6bf5659ea5e55df03bd,NONE
60c5d6bf5659ea5e55defc00,NONE
60c5d6bf5659ea5e55defb30,OFFN
60c5d6bf5659ea5e55df013e,OFFN
60c5d6bf5659ea5e55df0346,HATE
60c5d6bf5659ea5e55def929,OFFN
60c5d6bf5659ea5e55def681,NONE
60c5d6bf5659ea5e55def3e2,OFFN
60c5d6bf5659ea5e55def99c,PRFN
60c5d6bf5659ea5e55def149,PRFN
60c5d6bf5659ea5e55defab5,OFFN
60c5d6bf5659ea5e55def2a4,NONE
60c5d6bf5659ea5e55def96f,NONE
60c5d6bf5659ea5e55def87f,HATE
60c5d6bf5659ea5e55defa8c,PRFN
60c5d6bf5659ea5e55defdde,NONE
60c5d6bf5659ea5e55def3bd,OFFN
60c5d6bf5659ea5e55df0095,PRFN
60c5d6bf5659ea5e55df00ef,OFFN
60c5d6bf5659ea5e55df029b,HATE
60c5d6bf5659ea5e55def6dd,PRFN
60c5d6bf5659ea5e55def28e,OFFN
60c5d6bf5659ea5e55def8d0,PRFN
60c5d6bf5659ea5e55df012f,PRFN
60c5d6bf5659ea5e55defc55,NONE
60c5d6bf5659ea5e55def2a6,NONE
60c5d6bf5659ea5e55defb72,NONE
60c5d6bf5659ea5e55df02da,NONE
60c5d6bf5659ea5e55df0480,HATE
60c5d6bf5659ea5e55def3ab,PRFN
60c5d6bf5659ea5e55defeaa,PRFN
60c5d6bf5659ea5e55def1a1,NONE
60c5d6bf5659ea5e55defda4,OFFN
60c5d6bf5659ea5e55df00ad,PRFN
60c5d6bf5659ea5e55defd01,HATE
60c5d6bf5659ea5e55defca5,HATE
60c5d6bf5659ea5e55def776,PRFN
60c5d6bf5659ea5e55defc28,NONE
60c5d6bf5659ea5e55defb58,OFFN
60c5d6bf5659ea5e55def5b4,HATE
60c5d6bf5659ea5e55def78d,PRFN
60c5d6bf5659ea5e55defaed,NONE
60c5d6bf5659ea5e55defda3,PRFN
60c5d6bf5659ea5e55df01f2,PRFN
60c5d6bf5659ea5e55df041c,NONE
60c5d6bf5659ea5e55df01d2,NONE
60c5d6bf5659ea5e55def1b0,PRFN
60c5d6bf5659ea5e55df0255,PRFN
60c5d6bf5659ea5e55def230,PRFN
60c5d6bf5659ea5e55def11c,PRFN
60c5d6bf5659ea5e55def669,OFFN
60c5d6bf5659ea5e55defc25,PRFN
60c5d6bf5659ea5e55df03de,NONE
60c5d6bf5659ea5e55defaf2,PRFN
60c5d6bf5659ea5e55df03ba,NONE
60c5d6bf5659ea5e55defcaf,HATE
60c5d6bf5659ea5e55def458,PRFN
60c5d6bf5659ea5e55def6da,PRFN
60c5d6bf5659ea5e55df01f1,NONE
60c5d6bf5659ea5e55def42d,PRFN
60c5d6bf5659ea5e55defa4c,NONE
60c5d6bf5659ea5e55def9d4,NONE
60c5d6bf5659ea5e55defa68,PRFN
60c5d6bf5659ea5e55deff14,NONE
60c5d6bf5659ea5e55def2ec,OFFN
60c5d6bf5659ea5e55defafe,HATE
60c5d6bf5659ea5e55def97b,PRFN
60c5d6bf5659ea5e55def2b2,OFFN
60c5d6bf5659ea5e55def668,NONE
60c5d6bf5659ea5e55df02c2,NONE
60c5d6bf5659ea5e55df0287,HATE
60c5d6bf5659ea5e55def36a,NONE
60c5d6bf5659ea5e55defd09,NONE
60c5d6bf5659ea5e55defc24,PRFN
60c5d6bf5659ea5e55defa43,PRFN
60c5d6bf5659ea5e55df0130,NONE
60c5d6bf5659ea5e55df02bc,PRFN
60c5d6bf5659ea5e55defbb0,OFFN
60c5d6bf5659ea5e55def1e7,PRFN
60c5d6bf5659ea5e55df003b,NONE
60c5d6bf5659ea5e55def6a9,HATE
60c5d6bf5659ea5e55df0080,PRFN
60c5d6bf5659ea5e55defa1d,PRFN
60c5d6bf5659ea5e55defb1c,HATE
60c5d6bf5659ea5e55def2da,PRFN
60c5d6bf5659ea5e55def33c,HATE
60c5d6bf5659ea5e55def4ab,NONE
60c5d6bf5659ea5e55def891,PRFN
60c5d6bf5659ea5e55def68c,HATE
60c5d6bf5659ea5e55df00b6,PRFN
60c5d6bf5659ea5e55df02ca,HATE
60c5d6bf5659ea5e55df0043,PRFN
60c5d6bf5659ea5e55def839,NONE
60c5d6bf5659ea5e55def65e,PRFN
60c5d6bf5659ea5e55df0220,PRFN
60c5d6bf5659ea5e55df003a,PRFN
60c5d6bf5659ea5e55def7eb,OFFN
60c5d6bf5659ea5e55def774,PRFN
60c5d6bf5659ea5e55def303,OFFN
60c5d6bf5659ea5e55defe18,PRFN
60c5d6bf5659ea5e55defccf,PRFN
60c5d6bf5659ea5e55def877,OFFN
60c5d6bf5659ea5e55df0461,PRFN
60c5d6bf5659ea5e55df0482,HATE
60c5d6bf5659ea5e55def304,NONE
60c5d6bf5659ea5e55df000d,OFFN
60c5d6bf5659ea5e55df0090,PRFN
60c5d6bf5659ea5e55def9a9,PRFN
60c5d6bf5659ea5e55def9f4,NONE
60c5d6bf5659ea5e55defb2c,OFFN
60c5d6bf5659ea5e55defdfe,NONE
60c5d6bf5659ea5e55def96e,OFFN
60c5d6bf5659ea5e55defc1c,NONE
60c5d6bf5659ea5e55df0342,NONE
60c5d6bf5659ea5e55defc5e,PRFN
60c5d6bf5659ea5e55deff9d,PRFN
60c5d6bf5659ea5e55def956,PRFN
60c5d6bf5659ea5e55defcdb,PRFN
60c5d6bf5659ea5e55def81b,NONE
60c5d6bf5659ea5e55def51a,PRFN
60c5d6bf5659ea5e55def69b,PRFN
60c5d6bf5659ea5e55def706,NONE
60c5d6bf5659ea5e55def238,PRFN
60c5d6bf5659ea5e55defd63,PRFN
60c5d6bf5659ea5e55defedf,NONE
60c5d6bf5659ea5e55df02c6,PRFN
60c5d6bf5659ea5e55deff1f,NONE
60c5d6bf5659ea5e55def1be,PRFN
60c5d6bf5659ea5e55def209,PRFN
60c5d6bf5659ea5e55df02a1,NONE
60c5d6bf5659ea5e55df00e8,NONE
60c5d6bf5659ea5e55defa97,PRFN
60c5d6bf5659ea5e55df022d,PRFN
60c5d6bf5659ea5e55def7fb,NONE
60c5d6bf5659ea5e55df0365,PRFN
60c5d6bf5659ea5e55def959,PRFN
60c5d6bf5659ea5e55df0426,NONE
60c5d6bf5659ea5e55defe58,NONE
60c5d6bf5659ea5e55def84e,PRFN
60c5d6bf5659ea5e55def58e,OFFN
60c5d6bf5659ea5e55def21d,PRFN
60c5d6bf5659ea5e55def8ac,PRFN
60c5d6bf5659ea5e55defc93,HATE
60c5d6bf5659ea5e55df00f0,PRFN
60c5d6bf5659ea5e55def248,HATE
60c5d6bf5659ea5e55defc0f,NONE
60c5d6bf5659ea5e55defc70,PRFN
60c5d6bf5659ea5e55df043b,PRFN
60c5d6bf5659ea5e55def769,PRFN
60c5d6bf5659ea5e55def23e,OFFN
60c5d6bf5659ea5e55defb89,NONE
60c5d6bf5659ea5e55df01fa,PRFN
60c5d6bf5659ea5e55defffd,PRFN
60c5d6bf5659ea5e55df015b,PRFN
60c5d6bf5659ea5e55defb3b,HATE
60c5d6bf5659ea5e55def47f,PRFN
60c5d6bf5659ea5e55defab7,PRFN
60c5d6bf5659ea5e55def371,PRFN
60c5d6bf5659ea5e55df00bd,NONE
60c5d6bf5659ea5e55defbe6,PRFN
60c5d6bf5659ea5e55df016a,PRFN
60c5d6bf5659ea5e55defd68,NONE
60c5d6bf5659ea5e55defccc,NONE
60c5d6bf5659ea5e55df01c7,NONE
60c5d6bf5659ea5e55def770,NONE
60c5d6bf5659ea5e55def2ef,NONE
60c5d6bf5659ea5e55def2f2,PRFN
60c5d6bf5659ea5e55defcef,NONE
60c5d6bf5659ea5e55def2d6,NONE
60c5d6bf5659ea5e55defff4,NONE
60c5d6bf5659ea5e55df0147,NONE
60c5d6bf5659ea5e55df0248,NONE
60c5d6bf5659ea5e55df0352,HATE
60c5d6bf5659ea5e55defe8c,PRFN
60c5d6bf5659ea5e55df025b,NONE
60c5d6bf5659ea5e55deff43,NONE
60c5d6bf5659ea5e55defd2c,PRFN
60c5d6bf5659ea5e55def97a,PRFN
60c5d6bf5659ea5e55def2ea,PRFN
60c5d6bf5659ea5e55def279,PRFN
60c5d6bf5659ea5e55def6a8,PRFN
60c5d6bf5659ea5e55defedc,NONE
60c5d6bf5659ea5e55def5b6,PRFN
60c5d6bf5659ea5e55defbd8,PRFN
60c5d6bf5659ea5e55defe6b,NONE
60c5d6bf5659ea5e55defed9,NONE
60c5d6bf5659ea5e55def13d,PRFN
60c5d6bf5659ea5e55def2f8,OFFN
60c5d6bf5659ea5e55defe60,NONE
60c5d6bf5659ea5e55defd8b,PRFN
60c5d6bf5659ea5e55df0069,HATE
60c5d6bf5659ea5e55def7b2,PRFN
60c5d6bf5659ea5e55defcee,NONE
60c5d6bf5659ea5e55def3f1,NONE
60c5d6bf5659ea5e55df017e,PRFN
60c5d6bf5659ea5e55defbb8,HATE
60c5d6bf5659ea5e55df0160,PRFN
60c5d6bf5659ea5e55def58a,OFFN
60c5d6bf5659ea5e55df011e,NONE
60c5d6bf5659ea5e55def578,NONE
60c5d6bf5659ea5e55def2f4,PRFN
60c5d6bf5659ea5e55defd9c,OFFN
60c5d6bf5659ea5e55defeb7,PRFN
60c5d6bf5659ea5e55def857,HATE
60c5d6bf5659ea5e55df0067,NONE
60c5d6bf5659ea5e55df0165,OFFN
60c5d6bf5659ea5e55defc2d,HATE
60c5d6bf5659ea5e55def772,PRFN
60c5d6bf5659ea5e55defd0e,PRFN
60c5d6bf5659ea5e55df0281,PRFN
60c5d6bf5659ea5e55def720,PRFN
60c5d6bf5659ea5e55defa0d,PRFN
60c5d6bf5659ea5e55df0101,NONE
60c5d6bf5659ea5e55def8bf,NONE
60c5d6bf5659ea5e55defc2c,PRFN
60c5d6bf5659ea5e55def91c,NONE
60c5d6bf5659ea5e55def3ed,OFFN
60c5d6bf5659ea5e55def8d2,NONE
60c5d6bf5659ea5e55df011b,OFFN
60c5d6bf5659ea5e55def721,HATE
60c5d6bf5659ea5e55def413,PRFN
60c5d6bf5659ea5e55df026e,PRFN
60c5d6bf5659ea5e55defa91,NONE
60c5d6bf5659ea5e55defd38,NONE
60c5d6bf5659ea5e55def4c1,PRFN
60c5d6bf5659ea5e55deffcd,PRFN
60c5d6bf5659ea5e55defe1d,NONE
60c5d6bf5659ea5e55defd93,HATE
60c5d6bf5659ea5e55defaaf,PRFN
60c5d6bf5659ea5e55defb19,NONE
60c5d6bf5659ea5e55df04b5,PRFN
60c5d6bf5659ea5e55df0011,PRFN
60c5d6bf5659ea5e55df0481,NONE
60c5d6bf5659ea5e55df02f4,PRFN
60c5d6bf5659ea5e55def8b4,NONE
60c5d6bf5659ea5e55defeae,NONE
60c5d6bf5659ea5e55df039d,PRFN
60c5d6bf5659ea5e55df00a2,HATE
60c5d6bf5659ea5e55def286,PRFN
60c5d6bf5659ea5e55def647,NONE
60c5d6bf5659ea5e55def517,PRFN
60c5d6bf5659ea5e55df023e,PRFN
60c5d6bf5659ea5e55defb64,PRFN
60c5d6bf5659ea5e55deffe8,PRFN
60c5d6bf5659ea5e55def50c,PRFN
60c5d6bf5659ea5e55def3ee,NONE
60c5d6bf5659ea5e55def829,PRFN
60c5d6bf5659ea5e55df02ac,NONE
60c5d6bf5659ea5e55def940,PRFN
60c5d6bf5659ea5e55def109,HATE
60c5d6bf5659ea5e55def4d3,HATE
60c5d6bf5659ea5e55defa24,OFFN
60c5d6bf5659ea5e55df03c0,PRFN
60c5d6bf5659ea5e55df00f1,PRFN
60c5d6bf5659ea5e55def18e,PRFN
60c5d6bf5659ea5e55deffa6,PRFN
60c5d6bf5659ea5e55df04a5,NONE
60c5d6bf5659ea5e55df03c2,HATE
60c5d6bf5659ea5e55defdcd,PRFN
60c5d6bf5659ea5e55def5a3,PRFN
60c5d6bf5659ea5e55def815,PRFN
60c5d6bf5659ea5e55defa8a,OFFN
60c5d6bf5659ea5e55df042e,OFFN
60c5d6bf5659ea5e55df0420,PRFN
60c5d6bf5659ea5e55def4f7,PRFN
60c5d6bf5659ea5e55def20c,OFFN
60c5d6bf5659ea5e55defe77,PRFN
60c5d6bf5659ea5e55df02f8,PRFN
60c5d6bf5659ea5e55defb6e,PRFN
60c5d6bf5659ea5e55def970,PRFN
60c5d6bf5659ea5e55defa30,PRFN
60c5d6bf5659ea5e55def1ab,PRFN
60c5d6bf5659ea5e55df0230,HATE
60c5d6bf5659ea5e55df0462,PRFN
60c5d6bf5659ea5e55defdfb,PRFN
60c5d6bf5659ea5e55def474,NONE
60c5d6bf5659ea5e55def989,OFFN
60c5d6bf5659ea5e55def3e1,OFFN
60c5d6bf5659ea5e55df03bc,PRFN
60c5d6bf5659ea5e55def8d5,NONE
60c5d6bf5659ea5e55def935,OFFN
60c5d6bf5659ea5e55def5c8,PRFN
60c5d6bf5659ea5e55defa84,PRFN
60c5d6bf5659ea5e55def888,NONE
60c5d6bf5659ea5e55def6d7,PRFN
60c5d6bf5659ea5e55defd72,NONE
60c5d6bf5659ea5e55def41e,NONE
60c5d6bf5659ea5e55defe65,OFFN
60c5d6bf5659ea5e55defadb,PRFN
60c5d6bf5659ea5e55def5b5,NONE
60c5d6bf5659ea5e55deff3a,NONE
60c5d6bf5659ea5e55def928,PRFN
60c5d6bf5659ea5e55def139,NONE
60c5d6bf5659ea5e55def144,OFFN
60c5d6bf5659ea5e55defb2f,PRFN
60c5d6bf5659ea5e55defb05,OFFN
60c5d6bf5659ea5e55deff10,PRFN
60c5d6bf5659ea5e55def1e3,HATE
60c5d6bf5659ea5e55df0397,PRFN
60c5d6bf5659ea5e55defc07,NONE
60c5d6bf5659ea5e55def4db,HATE
60c5d6bf5659ea5e55defaf1,OFFN
60c5d6bf5659ea5e55df0206,NONE
60c5d6bf5659ea5e55df0330,NONE
60c5d6bf5659ea5e55df0228,PRFN
60c5d6bf5659ea5e55df02f0,HATE
60c5d6bf5659ea5e55defa19,NONE
60c5d6bf5659ea5e55df049b,NONE
60c5d6bf5659ea5e55def321,HATE
60c5d6bf5659ea5e55def611,PRFN
60c5d6bf5659ea5e55def3ae,NONE
60c5d6bf5659ea5e55defc74,NONE
60c5d6bf5659ea5e55def613,PRFN
60c5d6bf5659ea5e55df0107,NONE
60c5d6bf5659ea5e55df020b,PRFN
60c5d6bf5659ea5e55df01d6,OFFN
60c5d6bf5659ea5e55defebe,PRFN
60c5d6bf5659ea5e55def302,HATE
60c5d6bf5659ea5e55def127,NONE
60c5d6bf5659ea5e55df0492,PRFN
60c5d6bf5659ea5e55df0226,PRFN
60c5d6bf5659ea5e55df03a7,OFFN
60c5d6bf5659ea5e55def3f5,OFFN
60c5d6bf5659ea5e55defc54,NONE
60c5d6bf5659ea5e55df0347,PRFN
60c5d6bf5659ea5e55df0110,PRFN
60c5d6bf5659ea5e55def727,PRFN
60c5d6bf5659ea5e55defb9a,NONE
60c5d6bf5659ea5e55def63c,NONE
60c5d6bf5659ea5e55def2b7,NONE
60c5d6bf5659ea5e55def339,PRFN
60c5d6bf5659ea5e55df03ed,NONE
60c5d6bf5659ea5e55def88c,NONE
60c5d6bf5659ea5e55df006e,NONE
60c5d6bf5659ea5e55df03a4,NONE
60c5d6bf5659ea5e55def28a,PRFN
60c5d6bf5659ea5e55def8d3,NONE
60c5d6bf5659ea5e55def3a8,HATE
60c5d6bf5659ea5e55def170,OFFN
60c5d6bf5659ea5e55df049c,PRFN
60c5d6bf5659ea5e55defe76,PRFN
60c5d6bf5659ea5e55defb6f,PRFN
60c5d6bf5659ea5e55defc4d,PRFN
60c5d6bf5659ea5e55def5bb,NONE
60c5d6bf5659ea5e55def192,NONE
60c5d6bf5659ea5e55df034f,PRFN
60c5d6bf5659ea5e55def49b,PRFN
60c5d6bf5659ea5e55defd22,PRFN
60c5d6bf5659ea5e55def66f,PRFN
60c5d6bf5659ea5e55deff0b,NONE
60c5d6bf5659ea5e55def0f8,PRFN
60c5d6bf5659ea5e55def8ff,NONE
60c5d6bf5659ea5e55def51e,OFFN
60c5d6bf5659ea5e55defd28,NONE
60c5d6bf5659ea5e55defd31,NONE
60c5d6bf5659ea5e55def4a9,NONE
60c5d6bf5659ea5e55df024e,NONE
60c5d6bf5659ea5e55def6e3,PRFN
60c5d6bf5659ea5e55df018b,PRFN
60c5d6bf5659ea5e55def94c,HATE
60c5d6bf5659ea5e55defcd8,PRFN
60c5d6bf5659ea5e55def5f9,NONE
60c5d6bf5659ea5e55df020e,PRFN
60c5d6bf5659ea5e55defb52,PRFN
60c5d6bf5659ea5e55defb9f,PRFN
60c5d6bf5659ea5e55def9dd,PRFN
60c5d6bf5659ea5e55df04db,HATE
60c5d6bf5659ea5e55defc98,NONE
60c5d6bf5659ea5e55defa92,NONE
60c5d6bf5659ea5e55df01cb,PRFN
60c5d6bf5659ea5e55deff87,PRFN
60c5d6bf5659ea5e55defbc5,PRFN
60c5d6bf5659ea5e55df00bb,PRFN
60c5d6bf5659ea5e55def3ad,OFFN
60c5d6bf5659ea5e55def1c9,NONE
60c5d6bf5659ea5e55defd75,NONE
60c5d6bf5659ea5e55df04b2,NONE
60c5d6bf5659ea5e55defe8b,NONE
60c5d6bf5659ea5e55def20a,PRFN
60c5d6bf5659ea5e55defdf3,PRFN
60c5d6bf5659ea5e55def308,PRFN
60c5d6bf5659ea5e55def530,HATE
60c5d6bf5659ea5e55defdeb,PRFN
60c5d6bf5659ea5e55df002e,HATE
60c5d6bf5659ea5e55defcdc,PRFN
60c5d6bf5659ea5e55def56d,NONE
60c5d6bf5659ea5e55defbe1,PRFN
60c5d6bf5659ea5e55def6f4,NONE
60c5d6bf5659ea5e55def404,PRFN
60c5d6bf5659ea5e55defab9,OFFN
60c5d6bf5659ea5e55defe9e,NONE
60c5d6bf5659ea5e55def6d4,NONE
60c5d6bf5659ea5e55df014d,HATE
60c5d6bf5659ea5e55def85d,PRFN
60c5d6bf5659ea5e55df01e9,OFFN
60c5d6bf5659ea5e55defb6d,PRFN
60c5d6bf5659ea5e55def7a0,OFFN
60c5d6bf5659ea5e55def7b9,HATE
60c5d6bf5659ea5e55defad8,HATE
60c5d6bf5659ea5e55def793,PRFN
60c5d6bf5659ea5e55defa34,HATE
60c5d6bf5659ea5e55defe9b,PRFN
60c5d6bf5659ea5e55def4d4,PRFN
60c5d6bf5659ea5e55def533,NONE
60c5d6bf5659ea5e55defcfb,HATE
60c5d6bf5659ea5e55def4d1,OFFN
60c5d6bf5659ea5e55def43a,PRFN
60c5d6bf5659ea5e55df03dc,PRFN
60c5d6bf5659ea5e55def447,HATE
60c5d6bf5659ea5e55defed6,PRFN
60c5d6bf5659ea5e55def833,OFFN
60c5d6bf5659ea5e55defa2d,HATE
60c5d6bf5659ea5e55df0111,NONE
60c5d6bf5659ea5e55df036c,PRFN
60c5d6bf5659ea5e55def3d5,PRFN
60c5d6bf5659ea5e55defdf9,OFFN
60c5d6bf5659ea5e55df00b4,OFFN
60c5d6bf5659ea5e55deffae,PRFN
60c5d6bf5659ea5e55def13f,NONE
60c5d6bf5659ea5e55def4b0,NONE
60c5d6bf5659ea5e55def1b8,OFFN
60c5d6bf5659ea5e55defdc5,OFFN
60c5d6bf5659ea5e55defde9,PRFN
60c5d6bf5659ea5e55def70f,NONE
60c5d6bf5659ea5e55def3f6,NONE
60c5d6bf5659ea5e55def1a2,NONE
60c5d6bf5659ea5e55defee4,NONE
60c5d6bf5659ea5e55defb46,PRFN
60c5d6bf5659ea5e55defaa4,NONE
60c5d6bf5659ea5e55def494,PRFN
60c5d6bf5659ea5e55def865,PRFN
60c5d6bf5659ea5e55defd03,HATE
60c5d6bf5659ea5e55def983,NONE
60c5d6bf5659ea5e55def3bc,NONE
60c5d6bf5659ea5e55defd52,PRFN
60c5d6bf5659ea5e55df028d,NONE
60c5d6bf5659ea5e55def581,PRFN
60c5d6bf5659ea5e55def861,HATE
60c5d6bf5659ea5e55df0031,OFFN
60c5d6bf5659ea5e55def8da,NONE
60c5d6bf5659ea5e55defa5f,PRFN
60c5d6bf5659ea5e55df01f3,NONE
60c5d6bf5659ea5e55defa35,OFFN
60c5d6bf5659ea5e55def719,PRFN
60c5d6bf5659ea5e55df025d,PRFN
60c5d6bf5659ea5e55defe7b,HATE
60c5d6bf5659ea5e55def6e6,PRFN
60c5d6bf5659ea5e55df0393,PRFN
60c5d6bf5659ea5e55def4d2,PRFN
60c5d6bf5659ea5e55def63f,PRFN
60c5d6bf5659ea5e55def5d8,HATE
60c5d6bf5659ea5e55def74f,HATE
60c5d6bf5659ea5e55defa0f,HATE
60c5d6bf5659ea5e55def575,HATE
60c5d6bf5659ea5e55deff66,HATE
60c5d6bf5659ea5e55def89b,OFFN
60c5d6bf5659ea5e55def872,PRFN
60c5d6bf5659ea5e55df0200,NONE
60c5d6bf5659ea5e55def700,PRFN
60c5d6bf5659ea5e55defaaa,PRFN
60c5d6bf5659ea5e55defac6,NONE
60c5d6bf5659ea5e55def885,PRFN
60c5d6bf5659ea5e55def437,PRFN
60c5d6bf5659ea5e55defb5c,NONE
60c5d6bf5659ea5e55defe5c,HATE
60c5d6bf5659ea5e55df0021,PRFN
60c5d6bf5659ea5e55def190,NONE
60c5d6bf5659ea5e55def908,HATE
60c5d6bf5659ea5e55df00e3,PRFN
60c5d6bf5659ea5e55defd2a,PRFN
60c5d6bf5659ea5e55deffee,NONE
60c5d6bf5659ea5e55def0f4,PRFN
60c5d6bf5659ea5e55defb73,NONE
60c5d6bf5659ea5e55defbf6,HATE
60c5d6bf5659ea5e55deff38,NONE
60c5d6bf5659ea5e55def843,PRFN
60c5d6bf5659ea5e55df04a8,PRFN
60c5d6bf5659ea5e55df0210,PRFN
60c5d6bf5659ea5e55def7ee,PRFN
60c5d6bf5659ea5e55df01fe,PRFN
60c5d6bf5659ea5e55def809,NONE
60c5d6bf5659ea5e55def94b,OFFN
60c5d6bf5659ea5e55df0076,HATE
60c5d6bf5659ea5e55def391,PRFN
60c5d6bf5659ea5e55def2e4,PRFN
60c5d6bf5659ea5e55df0065,NONE
60c5d6bf5659ea5e55def768,NONE
60c5d6bf5659ea5e55deffa0,NONE
60c5d6bf5659ea5e55def13c,PRFN
60c5d6bf5659ea5e55def2fe,NONE
60c5d6bf5659ea5e55defde8,PRFN
60c5d6bf5659ea5e55def29b,HATE
60c5d6bf5659ea5e55def3b1,PRFN
60c5d6bf5659ea5e55def367,PRFN
60c5d6bf5659ea5e55df0184,OFFN
60c5d6bf5659ea5e55def591,PRFN
60c5d6bf5659ea5e55def51d,PRFN
60c5d6bf5659ea5e55defcfc,PRFN
60c5d6bf5659ea5e55defe36,PRFN
60c5d6bf5659ea5e55df00dc,OFFN
60c5d6bf5659ea5e55def41d,PRFN
60c5d6bf5659ea5e55defd76,PRFN
60c5d6bf5659ea5e55df01c1,PRFN
60c5d6bf5659ea5e55def460,PRFN
60c5d6bf5659ea5e55deff8a,NONE
60c5d6bf5659ea5e55def9e1,PRFN
60c5d6bf5659ea5e55def63a,NONE
60c5d6bf5659ea5e55def6cf,OFFN
60c5d6bf5659ea5e55def5f8,HATE
60c5d6bf5659ea5e55def787,PRFN
60c5d6bf5659ea5e55defd74,NONE
60c5d6bf5659ea5e55defb22,PRFN
60c5d6bf5659ea5e55df033d,PRFN
60c5d6bf5659ea5e55def725,NONE
60c5d6bf5659ea5e55defd1a,NONE
60c5d6bf5659ea5e55deffe0,PRFN
60c5d6bf5659ea5e55defd33,OFFN
60c5d6bf5659ea5e55df02ae,PRFN
60c5d6bf5659ea5e55df0416,PRFN
60c5d6bf5659ea5e55def87d,PRFN
60c5d6bf5659ea5e55defc76,OFFN
60c5d6bf5659ea5e55def4e4,NONE
60c5d6bf5659ea5e55df0214,NONE
60c5d6bf5659ea5e55def2d3,NONE
60c5d6bf5659ea5e55defc08,NONE
60c5d6bf5659ea5e55df040b,PRFN
60c5d6bf5659ea5e55defaf8,OFFN
60c5d6bf5659ea5e55def735,NONE
60c5d6bf5659ea5e55def520,PRFN
60c5d6bf5659ea5e55def2f6,HATE
60c5d6bf5659ea5e55def1c0,OFFN
60c5d6bf5659ea5e55def9fd,PRFN
60c5d6bf5659ea5e55defaa2,HATE
60c5d6bf5659ea5e55defee0,PRFN
60c5d6bf5659ea5e55defa93,OFFN
60c5d6bf5659ea5e55def663,PRFN
60c5d6bf5659ea5e55defaf9,NONE
60c5d6bf5659ea5e55def33e,PRFN
60c5d6bf5659ea5e55def7f2,PRFN
60c5d6bf5659ea5e55defaec,PRFN
60c5d6bf5659ea5e55def50e,PRFN
60c5d6bf5659ea5e55df03ff,NONE
60c5d6bf5659ea5e55def8d6,PRFN
60c5d6bf5659ea5e55def7cc,OFFN
60c5d6bf5659ea5e55def250,HATE
60c5d6bf5659ea5e55def4c4,PRFN
60c5d6bf5659ea5e55def94d,NONE
60c5d6bf5659ea5e55def1cd,PRFN
60c5d6bf5659ea5e55def7e7,NONE
60c5d6bf5659ea5e55def1c7,NONE
60c5d6bf5659ea5e55df01bf,NONE
60c5d6bf5659ea5e55defab8,HATE
60c5d6bf5659ea5e55defd88,HATE
60c5d6bf5659ea5e55defe24,PRFN
60c5d6bf5659ea5e55df000e,PRFN
60c5d6bf5659ea5e55df0267,NONE
60c5d6bf5659ea5e55defebb,NONE
60c5d6bf5659ea5e55def736,NONE
60c5d6bf5659ea5e55df035a,PRFN
60c5d6bf5659ea5e55defa3d,NONE
60c5d6bf5659ea5e55def376,PRFN
60c5d6bf5659ea5e55deff33,HATE
60c5d6bf5659ea5e55df022f,HATE
60c5d6bf5659ea5e55def7bd,HATE
60c5d6bf5659ea5e55defa14,PRFN
60c5d6bf5659ea5e55defc6d,OFFN
60c5d6bf5659ea5e55deff86,NONE
60c5d6bf5659ea5e55def94f,OFFN
60c5d6bf5659ea5e55df0066,PRFN
60c5d6bf5659ea5e55defe3b,NONE
60c5d6bf5659ea5e55df0473,PRFN
60c5d6bf5659ea5e55def639,OFFN
60c5d6bf5659ea5e55df0083,PRFN
60c5d6bf5659ea5e55def1b3,OFFN
60c5d6bf5659ea5e55def5f0,PRFN
60c5d6bf5659ea5e55defe03,OFFN
60c5d6bf5659ea5e55def436,HATE
60c5d6bf5659ea5e55defb96,NONE
60c5d6bf5659ea5e55defefb,OFFN
60c5d6bf5659ea5e55def100,HATE
60c5d6bf5659ea5e55df0446,PRFN
60c5d6bf5659ea5e55defa2b,PRFN
60c5d6bf5659ea5e55df0243,OFFN
60c5d6bf5659ea5e55defb3d,PRFN
60c5d6bf5659ea5e55def4f2,NONE
60c5d6bf5659ea5e55df013b,NONE
60c5d6bf5659ea5e55defe4d,PRFN
60c5d6bf5659ea5e55def81f,PRFN
60c5d6bf5659ea5e55def418,PRFN
60c5d6bf5659ea5e55def4ae,NONE
60c5d6bf5659ea5e55df0460,PRFN
60c5d6bf5659ea5e55deff61,NONE
60c5d6bf5659ea5e55defc57,NONE
60c5d6bf5659ea5e55def8f0,PRFN
60c5d6bf5659ea5e55def519,HATE
60c5d6bf5659ea5e55defd44,PRFN
60c5d6bf5659ea5e55def8a7,OFFN
60c5d6bf5659ea5e55def8ea,OFFN
60c5d6bf5659ea5e55def12c,NONE
60c5d6bf5659ea5e55defde7,PRFN
60c5d6bf5659ea5e55defc8b,NONE
60c5d6bf5659ea5e55def6b9,PRFN
60c5d6bf5659ea5e55def234,OFFN
60c5d6bf5659ea5e55defe0c,OFFN
60c5d6bf5659ea5e55defb16,OFFN
60c5d6bf5659ea5e55defac5,PRFN
60c5d6bf5659ea5e55def2a7,HATE
60c5d6bf5659ea5e55df0008,PRFN
60c5d6bf5659ea5e55def98d,HATE
60c5d6bf5659ea5e55def49a,PRFN
60c5d6bf5659ea5e55df0408,PRFN
60c5d6bf5659ea5e55def765,PRFN
60c5d6bf5659ea5e55defd9e,NONE
60c5d6bf5659ea5e55def512,PRFN
60c5d6bf5659ea5e55def305,PRFN
60c5d6bf5659ea5e55df0439,NONE
60c5d6bf5659ea5e55defb81,PRFN
60c5d6bf5659ea5e55def43f,PRFN
60c5d6bf5659ea5e55def2be,PRFN
60c5d6bf5659ea5e55def6a3,PRFN
60c5d6bf5659ea5e55df039b,OFFN
60c5d6bf5659ea5e55defb51,OFFN
60c5d6bf5659ea5e55def6d5,HATE
60c5d6bf5659ea5e55defe87,HATE
60c5d6bf5659ea5e55def716,PRFN
60c5d6bf5659ea5e55def9ec,NONE
60c5d6bf5659ea5e55df00df,PRFN
60c5d6bf5659ea5e55def74c,HATE
60c5d6bf5659ea5e55df0380,PRFN
60c5d6bf5659ea5e55defaeb,PRFN
60c5d6bf5659ea5e55df03c3,PRFN
60c5d6bf5659ea5e55def60b,PRFN
