_id,label
60c5d6bf5659ea5e55deffcb,HOF
60c5d6bf5659ea5e55df028c,NOT
60c5d6bf5659ea5e55def377,HOF
60c5d6bf5659ea5e55def4c7,HOF
60c5d6bf5659ea5e55df01a6,HOF
60c5d6bf5659ea5e55def837,HOF
60c5d6bf5659ea5e55def6ec,NOT
60c5d6bf5659ea5e55def29e,NOT
60c5d6bf5659ea5e55defa01,HOF
60c5d6bf5659ea5e55def464,HOF
60c5d6bf5659ea5e55df020f,HOF
60c5d6bf5659ea5e55defb48,HOF
60c5d6bf5659ea5e55def1a8,HOF
60c5d6bf5659ea5e55defc80,HOF
60c5d6bf5659ea5e55defc3e,HOF
60c5d6bf5659ea5e55def2e2,HOF
60c5d6bf5659ea5e55defbd6,NOT
60c5d6bf5659ea5e55defc41,HOF
60c5d6bf5659ea5e55df0176,NOT
60c5d6bf5659ea5e55df027b,NOT
60c5d6bf5659ea5e55df01eb,HOF
60c5d6bf5659ea5e55def27f,HOF
60c5d6bf5659ea5e55df02e2,HOF
60c5d6bf5659ea5e55df01b9,HOF
60c5d6bf5659ea5e55defaa7,NOT
60c5d6bf5659ea5e55defae9,HOF
60c5d6bf5659ea5e55df002d,NOT
60c5d6bf5659ea5e55def466,HOF
60c5d6bf5659ea5e55df0289,NOT
60c5d6bf5659ea5e55def2a8,HOF
60c5d6bf5659ea5e55def994,HOF
60c5d6bf5659ea5e55def7cd,HOF
60c5d6bf5659ea5e55deff31,NOT
60c5d6bf5659ea5e55df0218,NOT
60c5d6bf5659ea5e55def29f,HOF
60c5d6bf5659ea5e55defeea,NOT
60c5d6bf5659ea5e55def2b8,HOF
60c5d6bf5659ea5e55defed1,NOT
60c5d6bf5659ea5e55defed8,NOT
60c5d6bf5659ea5e55defdcc,NOT
60c5d6bf5659ea5e55def50b,HOF
60c5d6bf5659ea5e55df0149,HOF
60c5d6bf5659ea5e55def497,HOF
60c5d6bf5659ea5e55df0472,HOF
60c5d6bf5659ea5e55df0290,HOF
60c5d6bf5659ea5e55def792,HOF
60c5d6bf5659ea5e55defb7f,HOF
60c5d6bf5659ea5e55def130,NOT
60c5d6bf5659ea5e55def3f9,HOF
60c5d6bf5659ea5e55df0024,HOF
60c5d6bf5659ea5e55def502,HOF
60c5d6bf5659ea5e55def6b3,HOF
60c5d6bf5659ea5e55defff1,HOF
60c5d6bf5659ea5e55df0457,HOF
60c5d6bf5659ea5e55defc14,HOF
60c5d6bf5659ea5e55df0323,HOF
60c5d6bf5659ea5e55df035b,NOT
60c5d6bf5659ea5e55def1cf,HOF
60c5d6bf5659ea5e55deff15,HOF
60c5d6bf5659ea5e55def491,HOF
60c5d6bf5659ea5e55df016f,NOT
60c5d6bf5659ea5e55def75c,NOT
60c5d6bf5659ea5e55def560,HOF
60c5d6bf5659ea5e55df01ed,HOF
60c5d6bf5659ea5e55def6c4,HOF
60c5d6bf5659ea5e55df0337,NOT
60c5d6bf5659ea5e55df036e,NOT
60c5d6bf5659ea5e55defcb2,HOF
60c5d6bf5659ea5e55deffa4,HOF
60c5d6bf5659ea5e55df014f,NOT
60c5d6bf5659ea5e55def2e5,HOF
60c5d6bf5659ea5e55def764,NOT
60c5d6bf5659ea5e55def629,HOF
60c5d6bf5659ea5e55defa5b,HOF
60c5d6bf5659ea5e55def288,HOF
60c5d6bf5659ea5e55def26d,HOF
60c5d6bf5659ea5e55def65b,NOT
60c5d6bf5659ea5e55def317,HOF
60c5d6bf5659ea5e55def235,HOF
60c5d6bf5659ea5e55df0041,HOF
60c5d6bf5659ea5e55defe17,NOT
60c5d6bf5659ea5e55df02d0,HOF
60c5d6bf5659ea5e55df00cb,NOT
60c5d6bf5659ea5e55df02a9,NOT
60c5d6bf5659ea5e55def650,NOT
60c5d6bf5659ea5e55def307,HOF
60c5d6bf5659ea5e55def5ef,HOF
60c5d6bf5659ea5e55defcc7,NOT
60c5d6bf5659ea5e55df00e1,NOT
60c5d6bf5659ea5e55df0059,HOF
60c5d6bf5659ea5e55df010b,HOF
60c5d6bf5659ea5e55defe81,NOT
60c5d6bf5659ea5e55defcb1,HOF
60c5d6bf5659ea5e55def569,HOF
60c5d6bf5659ea5e55def28b,HOF
60c5d6bf5659ea5e55defd35,HOF
60c5d6bf5659ea5e55df0314,HOF
60c5d6bf5659ea5e55def53b,HOF
60c5d6bf5659ea5e55df0286,HOF
60c5d6bf5659ea5e55df00fe,HOF
60c5d6bf5659ea5e55def10d,HOF
60c5d6bf5659ea5e55df0030,NOT
60c5d6bf5659ea5e55defab3,HOF
60c5d6bf5659ea5e55defdc1,NOT
60c5d6bf5659ea5e55def1e4,NOT
60c5d6bf5659ea5e55df0158,HOF
60c5d6bf5659ea5e55def45a,HOF
60c5d6bf5659ea5e55def9d6,HOF
60c5d6bf5659ea5e55defb9e,NOT
60c5d6bf5659ea5e55defa7d,HOF
60c5d6bf5659ea5e55defca3,HOF
60c5d6bf5659ea5e55defb94,HOF
60c5d6bf5659ea5e55def766,HOF
60c5d6bf5659ea5e55def254,HOF
60c5d6bf5659ea5e55df047e,HOF
60c5d6bf5659ea5e55def4b8,HOF
60c5d6bf5659ea5e55def8bc,HOF
60c5d6bf5659ea5e55defc27,HOF
60c5d6bf5659ea5e55df02cd,HOF
60c5d6bf5659ea5e55def66e,HOF
60c5d6bf5659ea5e55df0195,HOF
60c5d6bf5659ea5e55defd5e,HOF
60c5d6bf5659ea5e55df0261,HOF
60c5d6bf5659ea5e55def6bd,HOF
60c5d6bf5659ea5e55df00b2,HOF
60c5d6bf5659ea5e55df02d4,HOF
60c5d6bf5659ea5e55def84d,NOT
60c5d6bf5659ea5e55defbe0,NOT
60c5d6bf5659ea5e55defe02,HOF
60c5d6bf5659ea5e55df016d,HOF
60c5d6bf5659ea5e55def4a7,HOF
60c5d6bf5659ea5e55df0026,HOF
60c5d6bf5659ea5e55df01dc,HOF
60c5d6bf5659ea5e55df01b5,HOF
60c5d6bf5659ea5e55df03c9,HOF
60c5d6bf5659ea5e55df02dd,NOT
60c5d6bf5659ea5e55defd30,HOF
60c5d6bf5659ea5e55def8fb,HOF
60c5d6bf5659ea5e55def5a5,HOF
60c5d6bf5659ea5e55def81e,HOF
60c5d6bf5659ea5e55def914,HOF
60c5d6bf5659ea5e55def8bd,HOF
60c5d6bf5659ea5e55def921,HOF
60c5d6bf5659ea5e55def92b,HOF
60c5d6bf5659ea5e55df0019,HOF
60c5d6bf5659ea5e55df0422,NOT
60c5d6bf5659ea5e55defc0b,HOF
60c5d6bf5659ea5e55def8b6,HOF
60c5d6bf5659ea5e55def465,HOF
60c5d6bf5659ea5e55df03a2,HOF
60c5d6bf5659ea5e55def9e2,NOT
60c5d6bf5659ea5e55def5a2,HOF
60c5d6bf5659ea5e55df01d4,NOT
60c5d6bf5659ea5e55df01dd,HOF
60c5d6bf5659ea5e55df04f3,HOF
60c5d6bf5659ea5e55def64e,HOF
60c5d6bf5659ea5e55def4e9,HOF
60c5d6bf5659ea5e55defd5f,HOF
60c5d6bf5659ea5e55defb01,HOF
60c5d6bf5659ea5e55df013f,HOF
60c5d6bf5659ea5e55df0474,HOF
60c5d6bf5659ea5e55df04d7,NOT
60c5d6bf5659ea5e55df00b3,HOF
60c5d6bf5659ea5e55defe74,NOT
60c5d6bf5659ea5e55def572,HOF
60c5d6bf5659ea5e55defe2a,HOF
60c5d6bf5659ea5e55def112,NOT
60c5d6bf5659ea5e55def9c3,HOF
60c5d6bf5659ea5e55def562,HOF
60c5d6bf5659ea5e55deff7c,HOF
60c5d6bf5659ea5e55def34c,HOF
60c5d6bf5659ea5e55defb35,NOT
60c5d6bf5659ea5e55df0221,HOF
60c5d6bf5659ea5e55def672,HOF
60c5d6bf5659ea5e55df048f,HOF
60c5d6bf5659ea5e55def693,HOF
60c5d6bf5659ea5e55df041a,NOT
60c5d6bf5659ea5e55df046d,HOF
60c5d6bf5659ea5e55def653,NOT
60c5d6bf5659ea5e55df0211,NOT
60c5d6bf5659ea5e55def75f,HOF
60c5d6bf5659ea5e55def39f,HOF
60c5d6bf5659ea5e55def501,HOF
60c5d6bf5659ea5e55deffdc,HOF
60c5d6bf5659ea5e55def7bf,NOT
60c5d6bf5659ea5e55deff8d,HOF
60c5d6bf5659ea5e55defc94,NOT
60c5d6bf5659ea5e55deff06,NOT
60c5d6bf5659ea5e55deff41,NOT
60c5d6bf5659ea5e55df04b1,NOT
60c5d6bf5659ea5e55def40d,NOT
60c5d6bf5659ea5e55def620,HOF
60c5d6bf5659ea5e55df026b,HOF
60c5d6bf5659ea5e55df0222,NOT
60c5d6bf5659ea5e55df0266,NOT
60c5d6bf5659ea5e55df0274,HOF
60c5d6bf5659ea5e55def6d1,HOF
60c5d6bf5659ea5e55df047a,HOF
60c5d6bf5659ea5e55df035f,NOT
60c5d6bf5659ea5e55df006a,NOT
60c5d6bf5659ea5e55defa76,NOT
60c5d6bf5659ea5e55df033f,NOT
60c5d6bf5659ea5e55deff9b,HOF
60c5d6bf5659ea5e55defe66,HOF
60c5d6bf5659ea5e55def117,HOF
60c5d6bf5659ea5e55df0246,NOT
60c5d6bf5659ea5e55def252,HOF
60c5d6bf5659ea5e55df0051,HOF
60c5d6bf5659ea5e55df02b0,NOT
60c5d6bf5659ea5e55defd53,HOF
60c5d6bf5659ea5e55defe95,HOF
60c5d6bf5659ea5e55df000b,HOF
60c5d6bf5659ea5e55defbbf,HOF
60c5d6bf5659ea5e55df04ad,HOF
60c5d6bf5659ea5e55defee9,HOF
60c5d6bf5659ea5e55defa82,NOT
60c5d6bf5659ea5e55def2e3,HOF
60c5d6bf5659ea5e55def48c,NOT
60c5d6bf5659ea5e55def514,HOF
60c5d6bf5659ea5e55defda9,HOF
60c5d6bf5659ea5e55def7c2,HOF
60c5d6bf5659ea5e55defa8e,HOF
60c5d6bf5659ea5e55def62c,HOF
60c5d6bf5659ea5e55def3c8,NOT
60c5d6bf5659ea5e55df037e,HOF
60c5d6bf5659ea5e55def966,HOF
60c5d6bf5659ea5e55df045e,HOF
60c5d6bf5659ea5e55def95b,HOF
60c5d6bf5659ea5e55def344,HOF
60c5d6bf5659ea5e55defec3,HOF
60c5d6bf5659ea5e55def3f7,HOF
60c5d6bf5659ea5e55def6db,HOF
60c5d6bf5659ea5e55df04ce,HOF
60c5d6bf5659ea5e55def125,HOF
60c5d6bf5659ea5e55def95a,HOF
60c5d6bf5659ea5e55def98c,HOF
60c5d6bf5659ea5e55def239,HOF
60c5d6bf5659ea5e55defc51,HOF
60c5d6bf5659ea5e55def7f1,HOF
60c5d6bf5659ea5e55defb2e,NOT
60c5d6bf5659ea5e55def680,HOF
60c5d6bf5659ea5e55def422,NOT
60c5d6bf5659ea5e55df0374,NOT
60c5d6bf5659ea5e55def189,NOT
60c5d6bf5659ea5e55def852,HOF
60c5d6bf5659ea5e55deff56,HOF
60c5d6bf5659ea5e55deffbb,HOF
60c5d6bf5659ea5e55defca1,NOT
60c5d6bf5659ea5e55defe06,HOF
60c5d6bf5659ea5e55defceb,HOF
60c5d6bf5659ea5e55def2bd,HOF
60c5d6bf5659ea5e55def967,HOF
60c5d6bf5659ea5e55def5c4,HOF
60c5d6bf5659ea5e55df02fc,HOF
60c5d6bf5659ea5e55def433,NOT
60c5d6bf5659ea5e55def985,NOT
60c5d6bf5659ea5e55def475,NOT
60c5d6bf5659ea5e55def6d2,HOF
60c5d6bf5659ea5e55def4e3,HOF
60c5d6bf5659ea5e55def73c,NOT
60c5d6bf5659ea5e55defa9b,NOT
60c5d6bf5659ea5e55def205,HOF
60c5d6bf5659ea5e55defd97,HOF
60c5d6bf5659ea5e55df01df,HOF
60c5d6bf5659ea5e55defca7,HOF
60c5d6bf5659ea5e55def9f0,HOF
60c5d6bf5659ea5e55defeb0,HOF
60c5d6bf5659ea5e55defdc0,NOT
60c5d6bf5659ea5e55df0178,HOF
60c5d6bf5659ea5e55df0236,NOT
60c5d6bf5659ea5e55df0172,NOT
60c5d6bf5659ea5e55def3af,HOF
60c5d6bf5659ea5e55deff6f,HOF
60c5d6bf5659ea5e55defe0e,HOF
60c5d6bf5659ea5e55df0203,HOF
60c5d6bf5659ea5e55def6ab,NOT
60c5d6bf5659ea5e55def61a,HOF
60c5d6bf5659ea5e55defc79,HOF
60c5d6bf5659ea5e55defd7f,HOF
60c5d6bf5659ea5e55def86d,HOF
60c5d6bf5659ea5e55df0168,HOF
60c5d6bf5659ea5e55defbb7,HOF
60c5d6bf5659ea5e55def534,NOT
60c5d6bf5659ea5e55deff3b,NOT
60c5d6bf5659ea5e55df047f,HOF
60c5d6bf5659ea5e55def323,HOF
60c5d6bf5659ea5e55def920,NOT
60c5d6bf5659ea5e55defd1c,HOF
60c5d6bf5659ea5e55defffb,HOF
60c5d6bf5659ea5e55def212,HOF
60c5d6bf5659ea5e55def9e9,HOF
60c5d6bf5659ea5e55df025c,NOT
60c5d6bf5659ea5e55def6b2,HOF
60c5d6bf5659ea5e55deff9e,HOF
60c5d6bf5659ea5e55defa41,NOT
60c5d6bf5659ea5e55defda2,HOF
60c5d6bf5659ea5e55df00a8,NOT
60c5d6bf5659ea5e55defd61,HOF
60c5d6bf5659ea5e55def4f6,HOF
60c5d6bf5659ea5e55def110,HOF
60c5d6bf5659ea5e55deffef,NOT
60c5d6bf5659ea5e55defe16,NOT
60c5d6bf5659ea5e55defe72,NOT
60c5d6bf5659ea5e55df01f9,HOF
60c5d6bf5659ea5e55def1bd,HOF
60c5d6bf5659ea5e55defa96,HOF
60c5d6bf5659ea5e55def5fa,HOF
60c5d6bf5659ea5e55df046e,NOT
60c5d6bf5659ea5e55def896,NOT
60c5d6bf5659ea5e55def937,HOF
60c5d6bf5659ea5e55def7c6,HOF
60c5d6bf5659ea5e55deff57,NOT
60c5d6bf5659ea5e55def8e3,HOF
60c5d6bf5659ea5e55def773,NOT
60c5d6bf5659ea5e55defbf7,HOF
60c5d6bf5659ea5e55def180,NOT
60c5d6bf5659ea5e55def4fb,NOT
60c5d6bf5659ea5e55df0310,HOF
60c5d6bf5659ea5e55def88e,HOF
60c5d6bf5659ea5e55def203,NOT
60c5d6bf5659ea5e55defdd5,NOT
60c5d6bf5659ea5e55def7a9,NOT
60c5d6bf5659ea5e55df01da,HOF
60c5d6bf5659ea5e55def612,HOF
60c5d6bf5659ea5e55deffca,HOF
60c5d6bf5659ea5e55df042c,HOF
60c5d6bf5659ea5e55def5d9,HOF
60c5d6bf5659ea5e55defc61,HOF
60c5d6bf5659ea5e55def9f2,HOF
60c5d6bf5659ea5e55df0277,NOT
60c5d6bf5659ea5e55def5be,HOF
60c5d6bf5659ea5e55defeba,HOF
60c5d6bf5659ea5e55df0194,HOF
60c5d6bf5659ea5e55deff27,HOF
60c5d6bf5659ea5e55defcec,NOT
60c5d6bf5659ea5e55def12b,HOF
60c5d6bf5659ea5e55df01aa,HOF
60c5d6bf5659ea5e55def5a6,HOF
60c5d6bf5659ea5e55def7e3,HOF
60c5d6bf5659ea5e55def6c8,NOT
60c5d6bf5659ea5e55df01ca,NOT
60c5d6bf5659ea5e55def4ee,HOF
60c5d6bf5659ea5e55def3c2,NOT
60c5d6bf5659ea5e55df0017,HOF
60c5d6bf5659ea5e55def7a5,HOF
60c5d6bf5659ea5e55defc68,HOF
60c5d6bf5659ea5e55defa87,NOT
60c5d6bf5659ea5e55defa7b,HOF
60c5d6bf5659ea5e55defc02,NOT
60c5d6bf5659ea5e55deffcf,HOF
60c5d6bf5659ea5e55defaa1,NOT
60c5d6bf5659ea5e55df0012,HOF
60c5d6bf5659ea5e55def85c,HOF
60c5d6bf5659ea5e55defddc,HOF
60c5d6bf5659ea5e55def4a0,NOT
60c5d6bf5659ea5e55defb71,HOF
60c5d6bf5659ea5e55def2f0,NOT
60c5d6bf5659ea5e55def8b3,NOT
60c5d6bf5659ea5e55defc29,HOF
60c5d6bf5659ea5e55defb2d,NOT
60c5d6bf5659ea5e55def6fe,HOF
60c5d6bf5659ea5e55df0013,NOT
60c5d6bf5659ea5e55df04ae,HOF
60c5d6bf5659ea5e55def291,HOF
60c5d6bf5659ea5e55defcba,HOF
60c5d6bf5659ea5e55def69e,HOF
60c5d6bf5659ea5e55defb00,NOT
60c5d6bf5659ea5e55df015c,NOT
60c5d6bf5659ea5e55def46a,NOT
60c5d6bf5659ea5e55def3b9,HOF
60c5d6bf5659ea5e55df037d,HOF
60c5d6bf5659ea5e55defb79,HOF
60c5d6bf5659ea5e55defbab,HOF
60c5d6bf5659ea5e55def23b,HOF
60c5d6bf5659ea5e55def357,HOF
60c5d6bf5659ea5e55def1d2,HOF
60c5d6bf5659ea5e55def9ee,NOT
60c5d6bf5659ea5e55deff24,HOF
60c5d6bf5659ea5e55df00f9,HOF
60c5d6bf5659ea5e55def39b,HOF
60c5d6bf5659ea5e55defdbf,HOF
60c5d6bf5659ea5e55def8f9,HOF
60c5d6bf5659ea5e55def240,HOF
60c5d6bf5659ea5e55defc78,HOF
60c5d6bf5659ea5e55def2b4,HOF
60c5d6bf5659ea5e55defd95,HOF
60c5d6bf5659ea5e55df0452,HOF
60c5d6bf5659ea5e55def8db,HOF
60c5d6bf5659ea5e55df03ad,HOF
60c5d6bf5659ea5e55df02fb,HOF
60c5d6bf5659ea5e55def9c5,HOF
60c5d6bf5659ea5e55def2d0,NOT
60c5d6bf5659ea5e55df0133,HOF
60c5d6bf5659ea5e55def5e2,HOF
60c5d6bf5659ea5e55df045b,HOF
60c5d6bf5659ea5e55defa07,HOF
60c5d6bf5659ea5e55defd59,NOT
60c5d6bf5659ea5e55def353,NOT
60c5d6bf5659ea5e55def6c5,HOF
60c5d6bf5659ea5e55deff3d,NOT
60c5d6bf5659ea5e55df0096,HOF
60c5d6bf5659ea5e55df03f4,HOF
60c5d6bf5659ea5e55def525,HOF
60c5d6bf5659ea5e55def4e6,HOF
60c5d6bf5659ea5e55df041e,HOF
60c5d6bf5659ea5e55defec8,HOF
60c5d6bf5659ea5e55defb43,HOF
60c5d6bf5659ea5e55def368,NOT
60c5d6bf5659ea5e55def5dd,HOF
60c5d6bf5659ea5e55def5b7,NOT
60c5d6bf5659ea5e55def7ea,NOT
60c5d6bf5659ea5e55defa83,HOF
60c5d6bf5659ea5e55def780,NOT
60c5d6bf5659ea5e55def7c1,HOF
60c5d6bf5659ea5e55def0fd,HOF
60c5d6bf5659ea5e55def76c,HOF
60c5d6bf5659ea5e55def8ba,NOT
60c5d6bf5659ea5e55def542,NOT
60c5d6bf5659ea5e55df0044,NOT
60c5d6bf5659ea5e55deff4b,HOF
60c5d6bf5659ea5e55df03d3,HOF
60c5d6bf5659ea5e55defd47,NOT
60c5d6bf5659ea5e55def881,NOT
60c5d6bf5659ea5e55defa52,NOT
60c5d6bf5659ea5e55def759,HOF
60c5d6bf5659ea5e55df035e,NOT
60c5d6bf5659ea5e55def4fe,HOF
60c5d6bf5659ea5e55df042b,HOF
60c5d6bf5659ea5e55def906,NOT
60c5d6bf5659ea5e55defaf5,HOF
60c5d6bf5659ea5e55def1b6,HOF
60c5d6bf5659ea5e55defc43,NOT
60c5d6bf5659ea5e55def698,NOT
60c5d6bf5659ea5e55defaa0,NOT
60c5d6bf5659ea5e55def430,HOF
60c5d6bf5659ea5e55def7fd,HOF
60c5d6bf5659ea5e55def467,HOF
60c5d6bf5659ea5e55defe79,NOT
60c5d6bf5659ea5e55deff73,HOF
60c5d6bf5659ea5e55def41f,NOT
60c5d6bf5659ea5e55def277,HOF
60c5d6bf5659ea5e55df0179,NOT
60c5d6bf5659ea5e55df0272,NOT
60c5d6bf5659ea5e55def61b,HOF
60c5d6bf5659ea5e55defcf0,HOF
60c5d6bf5659ea5e55deff74,HOF
60c5d6bf5659ea5e55def143,HOF
60c5d6bf5659ea5e55def43c,HOF
60c5d6bf5659ea5e55df021f,NOT
60c5d6bf5659ea5e55df0269,HOF
60c5d6bf5659ea5e55defe43,HOF
60c5d6bf5659ea5e55df03ee,HOF
60c5d6bf5659ea5e55df0371,HOF
60c5d6bf5659ea5e55def4ca,NOT
60c5d6bf5659ea5e55df0483,NOT
60c5d6bf5659ea5e55df0394,HOF
60c5d6bf5659ea5e55df007d,HOF
60c5d6bf5659ea5e55defb7a,HOF
60c5d6bf5659ea5e55def253,HOF
60c5d6bf5659ea5e55def8e7,HOF
60c5d6bf5659ea5e55def1ef,NOT
60c5d6bf5659ea5e55deff26,HOF
60c5d6bf5659ea5e55def129,HOF
60c5d6bf5659ea5e55df0316,HOF
60c5d6bf5659ea5e55df0467,HOF
60c5d6bf5659ea5e55def8dd,NOT
60c5d6bf5659ea5e55df02bd,HOF
60c5d6bf5659ea5e55def60e,HOF
60c5d6bf5659ea5e55df04c6,NOT
60c5d6bf5659ea5e55def43e,HOF
60c5d6bf5659ea5e55def30e,HOF
60c5d6bf5659ea5e55def4aa,NOT
60c5d6bf5659ea5e55df01be,HOF
60c5d6bf5659ea5e55df0088,HOF
60c5d6bf5659ea5e55def7f3,NOT
60c5d6bf5659ea5e55df0296,HOF
60c5d6bf5659ea5e55def912,NOT
60c5d6bf5659ea5e55def82b,HOF
60c5d6bf5659ea5e55def610,NOT
60c5d6bf5659ea5e55def750,HOF
60c5d6bf5659ea5e55def330,HOF
60c5d6bf5659ea5e55def825,HOF
60c5d6bf5659ea5e55defc64,HOF
60c5d6bf5659ea5e55def5f3,NOT
60c5d6bf5659ea5e55def8b5,HOF
60c5d6bf5659ea5e55df0239,HOF
60c5d6bf5659ea5e55df0401,NOT
60c5d6bf5659ea5e55def971,NOT
60c5d6bf5659ea5e55def2d2,NOT
60c5d6bf5659ea5e55def7c0,HOF
60c5d6bf5659ea5e55def241,HOF
60c5d6bf5659ea5e55def646,HOF
60c5d6bf5659ea5e55def91e,HOF
60c5d6bf5659ea5e55def68b,HOF
60c5d6bf5659ea5e55defae3,HOF
60c5d6bf5659ea5e55df001c,HOF
60c5d6bf5659ea5e55df03c1,NOT
60c5d6bf5659ea5e55df021c,NOT
60c5d6bf5659ea5e55defcbc,HOF
60c5d6bf5659ea5e55def8df,HOF
60c5d6bf5659ea5e55def232,HOF
60c5d6bf5659ea5e55def6b8,HOF
60c5d6bf5659ea5e55deff59,HOF
60c5d6bf5659ea5e55defb40,HOF
60c5d6bf5659ea5e55defd4b,HOF
60c5d6bf5659ea5e55df01b7,NOT
60c5d6bf5659ea5e55def7f4,NOT
60c5d6bf5659ea5e55defb49,HOF
60c5d6bf5659ea5e55def32c,HOF
60c5d6bf5659ea5e55def3b5,NOT
60c5d6bf5659ea5e55deffec,HOF
60c5d6bf5659ea5e55def823,HOF
60c5d6bf5659ea5e55defac4,HOF
60c5d6bf5659ea5e55deff0d,HOF
60c5d6bf5659ea5e55defa7f,HOF
60c5d6bf5659ea5e55df007b,HOF
60c5d6bf5659ea5e55def380,HOF
60c5d6bf5659ea5e55defa37,HOF
60c5d6bf5659ea5e55defd73,HOF
60c5d6bf5659ea5e55def5bc,HOF
60c5d6bf5659ea5e55def927,HOF
60c5d6bf5659ea5e55def5ed,NOT
60c5d6bf5659ea5e55defa73,NOT
60c5d6bf5659ea5e55def625,NOT
60c5d6bf5659ea5e55def280,HOF
60c5d6bf5659ea5e55df0016,HOF
60c5d6bf5659ea5e55def75e,HOF
60c5d6bf5659ea5e55df0144,HOF
60c5d6bf5659ea5e55def37f,HOF
60c5d6bf5659ea5e55defd77,HOF
60c5d6bf5659ea5e55df0082,NOT
60c5d6bf5659ea5e55def210,HOF
60c5d6bf5659ea5e55def778,HOF
60c5d6bf5659ea5e55defdf7,HOF
60c5d6bf5659ea5e55def982,HOF
60c5d6bf5659ea5e55def634,HOF
60c5d6bf5659ea5e55defc86,HOF
60c5d6bf5659ea5e55df0137,NOT
60c5d6bf5659ea5e55def923,HOF
60c5d6bf5659ea5e55def27a,HOF
60c5d6bf5659ea5e55df0103,HOF
60c5d6bf5659ea5e55df011c,HOF
60c5d6bf5659ea5e55def173,NOT
60c5d6bf5659ea5e55df03b1,HOF
60c5d6bf5659ea5e55def9a2,HOF
60c5d6bf5659ea5e55defc09,HOF
60c5d6bf5659ea5e55df0417,HOF
60c5d6bf5659ea5e55df0367,HOF
60c5d6bf5659ea5e55defac9,HOF
60c5d6bf5659ea5e55def5c2,HOF
60c5d6bf5659ea5e55def992,HOF
60c5d6bf5659ea5e55def6dc,HOF
60c5d6bf5659ea5e55defb4a,HOF
60c5d6bf5659ea5e55def986,HOF
60c5d6bf5659ea5e55def671,HOF
60c5d6bf5659ea5e55def7b7,HOF
60c5d6bf5659ea5e55defc2b,NOT
60c5d6bf5659ea5e55def9af,NOT
60c5d6bf5659ea5e55def1fb,HOF
60c5d6bf5659ea5e55def424,HOF
60c5d6bf5659ea5e55df024b,HOF
60c5d6bf5659ea5e55defcc1,HOF
60c5d6bf5659ea5e55defc60,HOF
60c5d6bf5659ea5e55df015e,NOT
60c5d6bf5659ea5e55defeec,HOF
60c5d6bf5659ea5e55def54c,NOT
60c5d6bf5659ea5e55defa06,HOF
60c5d6bf5659ea5e55df03e4,HOF
60c5d6bf5659ea5e55df0450,NOT
60c5d6bf5659ea5e55defe33,HOF
60c5d6bf5659ea5e55df0040,NOT
60c5d6bf5659ea5e55df04b4,HOF
60c5d6bf5659ea5e55def93a,HOF
60c5d6bf5659ea5e55def32a,HOF
60c5d6bf5659ea5e55def6c7,HOF
60c5d6bf5659ea5e55defaf6,HOF
60c5d6bf5659ea5e55def40c,HOF
60c5d6bf5659ea5e55def201,NOT
60c5d6bf5659ea5e55def67a,HOF
60c5d6bf5659ea5e55deffa2,HOF
60c5d6bf5659ea5e55def529,HOF
60c5d6bf5659ea5e55def609,HOF
60c5d6bf5659ea5e55df03d7,HOF
60c5d6bf5659ea5e55defe45,HOF
60c5d6bf5659ea5e55defbc1,HOF
60c5d6bf5659ea5e55def2b1,HOF
60c5d6bf5659ea5e55df0459,NOT
60c5d6bf5659ea5e55def365,HOF
60c5d6bf5659ea5e55deff5b,HOF
60c5d6bf5659ea5e55def312,HOF
60c5d6bf5659ea5e55def160,NOT
60c5d6bf5659ea5e55df0339,HOF
60c5d6bf5659ea5e55defb02,NOT
60c5d6bf5659ea5e55df04e1,NOT
60c5d6bf5659ea5e55defa00,HOF
60c5d6bf5659ea5e55df02f1,HOF
60c5d6bf5659ea5e55def803,HOF
60c5d6bf5659ea5e55defc3d,NOT
60c5d6bf5659ea5e55df0321,HOF
60c5d6bf5659ea5e55def598,NOT
60c5d6bf5659ea5e55defd46,NOT
60c5d6bf5659ea5e55df000f,HOF
60c5d6bf5659ea5e55def7d0,HOF
60c5d6bf5659ea5e55def311,HOF
60c5d6bf5659ea5e55df01ab,HOF
60c5d6bf5659ea5e55def57c,NOT
60c5d6bf5659ea5e55def114,HOF
60c5d6bf5659ea5e55defc6f,HOF
60c5d6bf5659ea5e55def85b,HOF
60c5d6bf5659ea5e55def219,HOF
60c5d6bf5659ea5e55def71f,HOF
60c5d6bf5659ea5e55deffed,HOF
60c5d6bf5659ea5e55def92c,HOF
60c5d6bf5659ea5e55df0002,HOF
60c5d6bf5659ea5e55df00fa,NOT
60c5d6bf5659ea5e55df0169,NOT
60c5d6bf5659ea5e55defb47,HOF
60c5d6bf5659ea5e55def227,HOF
60c5d6bf5659ea5e55defbf2,NOT
60c5d6bf5659ea5e55df00b0,HOF
60c5d6bf5659ea5e55df0202,HOF
60c5d6bf5659ea5e55def135,HOF
60c5d6bf5659ea5e55def55d,HOF
60c5d6bf5659ea5e55def2e8,HOF
60c5d6bf5659ea5e55def580,NOT
60c5d6bf5659ea5e55df0235,NOT
60c5d6bf5659ea5e55def3c5,HOF
60c5d6bf5659ea5e55df0384,HOF
60c5d6bf5659ea5e55def838,NOT
60c5d6bf5659ea5e55defbea,HOF
60c5d6bf5659ea5e55df04d4,HOF
60c5d6bf5659ea5e55df048a,HOF
60c5d6bf5659ea5e55def4bd,HOF
60c5d6bf5659ea5e55def123,HOF
60c5d6bf5659ea5e55df0242,HOF
60c5d6bf5659ea5e55def224,NOT
60c5d6bf5659ea5e55def7e9,HOF
60c5d6bf5659ea5e55def523,HOF
60c5d6bf5659ea5e55defefd,NOT
60c5d6bf5659ea5e55defef9,HOF
60c5d6bf5659ea5e55deff69,HOF
60c5d6bf5659ea5e55defc77,HOF
60c5d6bf5659ea5e55df019c,NOT
60c5d6bf5659ea5e55deff03,HOF
60c5d6bf5659ea5e55defd0c,HOF
60c5d6bf5659ea5e55df02b6,HOF
60c5d6bf5659ea5e55df04e8,HOF
60c5d6bf5659ea5e55df0181,HOF
60c5d6bf5659ea5e55def7f8,HOF
60c5d6bf5659ea5e55df03bd,NOT
60c5d6bf5659ea5e55defc00,NOT
60c5d6bf5659ea5e55defb30,NOT
60c5d6bf5659ea5e55df013e,NOT
60c5d6bf5659ea5e55df0346,HOF
60c5d6bf5659ea5e55def929,HOF
60c5d6bf5659ea5e55def681,HOF
60c5d6bf5659ea5e55def3e2,NOT
60c5d6bf5659ea5e55def99c,NOT
60c5d6bf5659ea5e55def149,HOF
60c5d6bf5659ea5e55defab5,NOT
60c5d6bf5659ea5e55def2a4,HOF
60c5d6bf5659ea5e55def96f,NOT
60c5d6bf5659ea5e55def87f,NOT
60c5d6bf5659ea5e55defa8c,HOF
60c5d6bf5659ea5e55defdde,HOF
60c5d6bf5659ea5e55def3bd,NOT
60c5d6bf5659ea5e55df0095,HOF
60c5d6bf5659ea5e55df00ef,NOT
60c5d6bf5659ea5e55df029b,HOF
60c5d6bf5659ea5e55def6dd,HOF
60c5d6bf5659ea5e55def28e,HOF
60c5d6bf5659ea5e55def8d0,NOT
60c5d6bf5659ea5e55df012f,HOF
60c5d6bf5659ea5e55defc55,HOF
60c5d6bf5659ea5e55def2a6,HOF
60c5d6bf5659ea5e55defb72,HOF
60c5d6bf5659ea5e55df02da,HOF
60c5d6bf5659ea5e55df0480,NOT
60c5d6bf5659ea5e55def3ab,HOF
60c5d6bf5659ea5e55defeaa,HOF
60c5d6bf5659ea5e55def1a1,HOF
60c5d6bf5659ea5e55defda4,HOF
60c5d6bf5659ea5e55df00ad,HOF
60c5d6bf5659ea5e55defd01,HOF
60c5d6bf5659ea5e55defca5,HOF
60c5d6bf5659ea5e55def776,NOT
60c5d6bf5659ea5e55defc28,HOF
60c5d6bf5659ea5e55defb58,NOT
60c5d6bf5659ea5e55def5b4,NOT
60c5d6bf5659ea5e55def78d,HOF
60c5d6bf5659ea5e55defaed,NOT
60c5d6bf5659ea5e55defda3,HOF
60c5d6bf5659ea5e55df01f2,HOF
60c5d6bf5659ea5e55df041c,HOF
60c5d6bf5659ea5e55df01d2,HOF
60c5d6bf5659ea5e55def1b0,NOT
60c5d6bf5659ea5e55df0255,HOF
60c5d6bf5659ea5e55def230,HOF
60c5d6bf5659ea5e55def11c,HOF
60c5d6bf5659ea5e55def669,NOT
60c5d6bf5659ea5e55defc25,NOT
60c5d6bf5659ea5e55df03de,HOF
60c5d6bf5659ea5e55defaf2,HOF
60c5d6bf5659ea5e55df03ba,HOF
60c5d6bf5659ea5e55defcaf,HOF
60c5d6bf5659ea5e55def458,NOT
60c5d6bf5659ea5e55def6da,NOT
60c5d6bf5659ea5e55df01f1,HOF
60c5d6bf5659ea5e55def42d,HOF
60c5d6bf5659ea5e55defa4c,HOF
60c5d6bf5659ea5e55def9d4,HOF
60c5d6bf5659ea5e55defa68,HOF
60c5d6bf5659ea5e55deff14,HOF
60c5d6bf5659ea5e55def2ec,HOF
60c5d6bf5659ea5e55defafe,NOT
60c5d6bf5659ea5e55def97b,NOT
60c5d6bf5659ea5e55def2b2,NOT
60c5d6bf5659ea5e55def668,HOF
60c5d6bf5659ea5e55df02c2,NOT
60c5d6bf5659ea5e55df0287,NOT
60c5d6bf5659ea5e55def36a,HOF
60c5d6bf5659ea5e55defd09,HOF
60c5d6bf5659ea5e55defc24,NOT
60c5d6bf5659ea5e55defa43,HOF
60c5d6bf5659ea5e55df0130,HOF
60c5d6bf5659ea5e55df02bc,NOT
60c5d6bf5659ea5e55defbb0,HOF
60c5d6bf5659ea5e55def1e7,HOF
60c5d6bf5659ea5e55df003b,HOF
60c5d6bf5659ea5e55def6a9,HOF
60c5d6bf5659ea5e55df0080,HOF
60c5d6bf5659ea5e55defa1d,HOF
60c5d6bf5659ea5e55defb1c,NOT
60c5d6bf5659ea5e55def2da,NOT
60c5d6bf5659ea5e55def33c,NOT
60c5d6bf5659ea5e55def4ab,HOF
60c5d6bf5659ea5e55def891,HOF
60c5d6bf5659ea5e55def68c,HOF
60c5d6bf5659ea5e55df00b6,NOT
60c5d6bf5659ea5e55df02ca,HOF
60c5d6bf5659ea5e55df0043,NOT
60c5d6bf5659ea5e55def839,HOF
60c5d6bf5659ea5e55def65e,NOT
60c5d6bf5659ea5e55df0220,HOF
60c5d6bf5659ea5e55df003a,HOF
60c5d6bf5659ea5e55def7eb,HOF
60c5d6bf5659ea5e55def774,NOT
60c5d6bf5659ea5e55def303,NOT
60c5d6bf5659ea5e55defe18,HOF
60c5d6bf5659ea5e55defccf,HOF
60c5d6bf5659ea5e55def877,HOF
60c5d6bf5659ea5e55df0461,HOF
60c5d6bf5659ea5e55df0482,HOF
60c5d6bf5659ea5e55def304,HOF
60c5d6bf5659ea5e55df000d,NOT
60c5d6bf5659ea5e55df0090,NOT
60c5d6bf5659ea5e55def9a9,HOF
60c5d6bf5659ea5e55def9f4,HOF
60c5d6bf5659ea5e55defb2c,HOF
60c5d6bf5659ea5e55defdfe,HOF
60c5d6bf5659ea5e55def96e,NOT
60c5d6bf5659ea5e55defc1c,HOF
60c5d6bf5659ea5e55df0342,HOF
60c5d6bf5659ea5e55defc5e,NOT
60c5d6bf5659ea5e55deff9d,HOF
60c5d6bf5659ea5e55def956,NOT
60c5d6bf5659ea5e55defcdb,NOT
60c5d6bf5659ea5e55def81b,HOF
60c5d6bf5659ea5e55def51a,HOF
60c5d6bf5659ea5e55def69b,HOF
60c5d6bf5659ea5e55def706,HOF
60c5d6bf5659ea5e55def238,NOT
60c5d6bf5659ea5e55defd63,NOT
60c5d6bf5659ea5e55defedf,HOF
60c5d6bf5659ea5e55df02c6,HOF
60c5d6bf5659ea5e55deff1f,NOT
60c5d6bf5659ea5e55def1be,HOF
60c5d6bf5659ea5e55def209,HOF
60c5d6bf5659ea5e55df02a1,HOF
60c5d6bf5659ea5e55df00e8,HOF
60c5d6bf5659ea5e55defa97,HOF
60c5d6bf5659ea5e55df022d,HOF
60c5d6bf5659ea5e55def7fb,HOF
60c5d6bf5659ea5e55df0365,HOF
60c5d6bf5659ea5e55def959,HOF
60c5d6bf5659ea5e55df0426,NOT
60c5d6bf5659ea5e55defe58,NOT
60c5d6bf5659ea5e55def84e,HOF
60c5d6bf5659ea5e55def58e,NOT
60c5d6bf5659ea5e55def21d,HOF
60c5d6bf5659ea5e55def8ac,HOF
60c5d6bf5659ea5e55defc93,HOF
60c5d6bf5659ea5e55df00f0,HOF
60c5d6bf5659ea5e55def248,HOF
60c5d6bf5659ea5e55defc0f,NOT
60c5d6bf5659ea5e55defc70,NOT
60c5d6bf5659ea5e55df043b,HOF
60c5d6bf5659ea5e55def769,NOT
60c5d6bf5659ea5e55def23e,NOT
60c5d6bf5659ea5e55defb89,HOF
60c5d6bf5659ea5e55df01fa,HOF
60c5d6bf5659ea5e55defffd,HOF
60c5d6bf5659ea5e55df015b,NOT
60c5d6bf5659ea5e55defb3b,HOF
60c5d6bf5659ea5e55def47f,NOT
60c5d6bf5659ea5e55defab7,HOF
60c5d6bf5659ea5e55def371,NOT
60c5d6bf5659ea5e55df00bd,HOF
60c5d6bf5659ea5e55defbe6,NOT
60c5d6bf5659ea5e55df016a,HOF
60c5d6bf5659ea5e55defd68,HOF
60c5d6bf5659ea5e55defccc,HOF
60c5d6bf5659ea5e55df01c7,HOF
60c5d6bf5659ea5e55def770,HOF
60c5d6bf5659ea5e55def2ef,HOF
60c5d6bf5659ea5e55def2f2,NOT
60c5d6bf5659ea5e55defcef,HOF
60c5d6bf5659ea5e55def2d6,HOF
60c5d6bf5659ea5e55defff4,HOF
60c5d6bf5659ea5e55df0147,NOT
60c5d6bf5659ea5e55df0248,NOT
60c5d6bf5659ea5e55df0352,HOF
60c5d6bf5659ea5e55defe8c,NOT
60c5d6bf5659ea5e55df025b,HOF
60c5d6bf5659ea5e55deff43,HOF
60c5d6bf5659ea5e55defd2c,HOF
60c5d6bf5659ea5e55def97a,HOF
60c5d6bf5659ea5e55def2ea,HOF
60c5d6bf5659ea5e55def279,HOF
60c5d6bf5659ea5e55def6a8,HOF
60c5d6bf5659ea5e55defedc,NOT
60c5d6bf5659ea5e55def5b6,HOF
60c5d6bf5659ea5e55defbd8,NOT
60c5d6bf5659ea5e55defe6b,HOF
60c5d6bf5659ea5e55defed9,HOF
60c5d6bf5659ea5e55def13d,HOF
60c5d6bf5659ea5e55def2f8,NOT
60c5d6bf5659ea5e55defe60,HOF
60c5d6bf5659ea5e55defd8b,HOF
60c5d6bf5659ea5e55df0069,HOF
60c5d6bf5659ea5e55def7b2,HOF
60c5d6bf5659ea5e55defcee,HOF
60c5d6bf5659ea5e55def3f1,HOF
60c5d6bf5659ea5e55df017e,HOF
60c5d6bf5659ea5e55defbb8,NOT
60c5d6bf5659ea5e55df0160,NOT
60c5d6bf5659ea5e55def58a,HOF
60c5d6bf5659ea5e55df011e,NOT
60c5d6bf5659ea5e55def578,NOT
60c5d6bf5659ea5e55def2f4,HOF
60c5d6bf5659ea5e55defd9c,HOF
60c5d6bf5659ea5e55defeb7,HOF
60c5d6bf5659ea5e55def857,HOF
60c5d6bf5659ea5e55df0067,NOT
60c5d6bf5659ea5e55df0165,HOF
60c5d6bf5659ea5e55defc2d,HOF
60c5d6bf5659ea5e55def772,NOT
60c5d6bf5659ea5e55defd0e,HOF
60c5d6bf5659ea5e55df0281,HOF
60c5d6bf5659ea5e55def720,HOF
60c5d6bf5659ea5e55defa0d,HOF
60c5d6bf5659ea5e55df0101,HOF
60c5d6bf5659ea5e55def8bf,NOT
60c5d6bf5659ea5e55defc2c,HOF
60c5d6bf5659ea5e55def91c,HOF
60c5d6bf5659ea5e55def3ed,NOT
60c5d6bf5659ea5e55def8d2,HOF
60c5d6bf5659ea5e55df011b,HOF
60c5d6bf5659ea5e55def721,HOF
60c5d6bf5659ea5e55def413,NOT
60c5d6bf5659ea5e55df026e,NOT
60c5d6bf5659ea5e55defa91,HOF
60c5d6bf5659ea5e55defd38,HOF
60c5d6bf5659ea5e55def4c1,HOF
60c5d6bf5659ea5e55deffcd,HOF
60c5d6bf5659ea5e55defe1d,NOT
60c5d6bf5659ea5e55defd93,HOF
60c5d6bf5659ea5e55defaaf,HOF
60c5d6bf5659ea5e55defb19,HOF
60c5d6bf5659ea5e55df04b5,HOF
60c5d6bf5659ea5e55df0011,HOF
60c5d6bf5659ea5e55df0481,NOT
60c5d6bf5659ea5e55df02f4,HOF
60c5d6bf5659ea5e55def8b4,NOT
60c5d6bf5659ea5e55defeae,HOF
60c5d6bf5659ea5e55df039d,HOF
60c5d6bf5659ea5e55df00a2,HOF
60c5d6bf5659ea5e55def286,NOT
60c5d6bf5659ea5e55def647,NOT
60c5d6bf5659ea5e55def517,HOF
60c5d6bf5659ea5e55df023e,NOT
60c5d6bf5659ea5e55defb64,NOT
60c5d6bf5659ea5e55deffe8,HOF
60c5d6bf5659ea5e55def50c,HOF
60c5d6bf5659ea5e55def3ee,HOF
60c5d6bf5659ea5e55def829,NOT
60c5d6bf5659ea5e55df02ac,HOF
60c5d6bf5659ea5e55def940,HOF
60c5d6bf5659ea5e55def109,HOF
60c5d6bf5659ea5e55def4d3,NOT
60c5d6bf5659ea5e55defa24,HOF
60c5d6bf5659ea5e55df03c0,HOF
60c5d6bf5659ea5e55df00f1,HOF
60c5d6bf5659ea5e55def18e,NOT
60c5d6bf5659ea5e55deffa6,HOF
60c5d6bf5659ea5e55df04a5,HOF
60c5d6bf5659ea5e55df03c2,HOF
60c5d6bf5659ea5e55defdcd,HOF
60c5d6bf5659ea5e55def5a3,HOF
60c5d6bf5659ea5e55def815,HOF
60c5d6bf5659ea5e55defa8a,HOF
60c5d6bf5659ea5e55df042e,HOF
60c5d6bf5659ea5e55df0420,NOT
60c5d6bf5659ea5e55def4f7,HOF
60c5d6bf5659ea5e55def20c,NOT
60c5d6bf5659ea5e55defe77,HOF
60c5d6bf5659ea5e55df02f8,NOT
60c5d6bf5659ea5e55defb6e,HOF
60c5d6bf5659ea5e55def970,NOT
60c5d6bf5659ea5e55defa30,HOF
60c5d6bf5659ea5e55def1ab,HOF
60c5d6bf5659ea5e55df0230,NOT
60c5d6bf5659ea5e55df0462,NOT
60c5d6bf5659ea5e55defdfb,HOF
60c5d6bf5659ea5e55def474,NOT
60c5d6bf5659ea5e55def989,NOT
60c5d6bf5659ea5e55def3e1,HOF
60c5d6bf5659ea5e55df03bc,NOT
60c5d6bf5659ea5e55def8d5,HOF
60c5d6bf5659ea5e55def935,NOT
60c5d6bf5659ea5e55def5c8,HOF
60c5d6bf5659ea5e55defa84,HOF
60c5d6bf5659ea5e55def888,HOF
60c5d6bf5659ea5e55def6d7,NOT
60c5d6bf5659ea5e55defd72,HOF
60c5d6bf5659ea5e55def41e,HOF
60c5d6bf5659ea5e55defe65,NOT
60c5d6bf5659ea5e55defadb,NOT
60c5d6bf5659ea5e55def5b5,HOF
60c5d6bf5659ea5e55deff3a,HOF
60c5d6bf5659ea5e55def928,HOF
60c5d6bf5659ea5e55def139,NOT
60c5d6bf5659ea5e55def144,HOF
60c5d6bf5659ea5e55defb2f,HOF
60c5d6bf5659ea5e55defb05,NOT
60c5d6bf5659ea5e55deff10,HOF
60c5d6bf5659ea5e55def1e3,NOT
60c5d6bf5659ea5e55df0397,HOF
60c5d6bf5659ea5e55defc07,NOT
60c5d6bf5659ea5e55def4db,HOF
60c5d6bf5659ea5e55defaf1,HOF
60c5d6bf5659ea5e55df0206,HOF
60c5d6bf5659ea5e55df0330,HOF
60c5d6bf5659ea5e55df0228,HOF
60c5d6bf5659ea5e55df02f0,HOF
60c5d6bf5659ea5e55defa19,HOF
60c5d6bf5659ea5e55df049b,HOF
60c5d6bf5659ea5e55def321,HOF
60c5d6bf5659ea5e55def611,HOF
60c5d6bf5659ea5e55def3ae,HOF
60c5d6bf5659ea5e55defc74,HOF
60c5d6bf5659ea5e55def613,HOF
60c5d6bf5659ea5e55df0107,HOF
60c5d6bf5659ea5e55df020b,HOF
60c5d6bf5659ea5e55df01d6,NOT
60c5d6bf5659ea5e55defebe,HOF
60c5d6bf5659ea5e55def302,NOT
60c5d6bf5659ea5e55def127,HOF
60c5d6bf5659ea5e55df0492,HOF
60c5d6bf5659ea5e55df0226,HOF
60c5d6bf5659ea5e55df03a7,NOT
60c5d6bf5659ea5e55def3f5,NOT
60c5d6bf5659ea5e55defc54,HOF
60c5d6bf5659ea5e55df0347,HOF
60c5d6bf5659ea5e55df0110,HOF
60c5d6bf5659ea5e55def727,HOF
60c5d6bf5659ea5e55defb9a,HOF
60c5d6bf5659ea5e55def63c,HOF
60c5d6bf5659ea5e55def2b7,NOT
60c5d6bf5659ea5e55def339,HOF
60c5d6bf5659ea5e55df03ed,NOT
60c5d6bf5659ea5e55def88c,HOF
60c5d6bf5659ea5e55df006e,HOF
60c5d6bf5659ea5e55df03a4,HOF
60c5d6bf5659ea5e55def28a,NOT
60c5d6bf5659ea5e55def8d3,HOF
60c5d6bf5659ea5e55def3a8,HOF
60c5d6bf5659ea5e55def170,HOF
60c5d6bf5659ea5e55df049c,HOF
60c5d6bf5659ea5e55defe76,HOF
60c5d6bf5659ea5e55defb6f,HOF
60c5d6bf5659ea5e55defc4d,NOT
60c5d6bf5659ea5e55def5bb,HOF
60c5d6bf5659ea5e55def192,HOF
60c5d6bf5659ea5e55df034f,HOF
60c5d6bf5659ea5e55def49b,HOF
60c5d6bf5659ea5e55defd22,HOF
60c5d6bf5659ea5e55def66f,NOT
60c5d6bf5659ea5e55deff0b,HOF
60c5d6bf5659ea5e55def0f8,HOF
60c5d6bf5659ea5e55def8ff,HOF
60c5d6bf5659ea5e55def51e,HOF
60c5d6bf5659ea5e55defd28,HOF
60c5d6bf5659ea5e55defd31,HOF
60c5d6bf5659ea5e55def4a9,HOF
60c5d6bf5659ea5e55df024e,NOT
60c5d6bf5659ea5e55def6e3,NOT
60c5d6bf5659ea5e55df018b,HOF
60c5d6bf5659ea5e55def94c,NOT
60c5d6bf5659ea5e55defcd8,HOF
60c5d6bf5659ea5e55def5f9,NOT
60c5d6bf5659ea5e55df020e,NOT
60c5d6bf5659ea5e55defb52,HOF
60c5d6bf5659ea5e55defb9f,HOF
60c5d6bf5659ea5e55def9dd,NOT
60c5d6bf5659ea5e55df04db,HOF
60c5d6bf5659ea5e55defc98,NOT
60c5d6bf5659ea5e55defa92,HOF
60c5d6bf5659ea5e55df01cb,NOT
60c5d6bf5659ea5e55deff87,NOT
60c5d6bf5659ea5e55defbc5,NOT
60c5d6bf5659ea5e55df00bb,HOF
60c5d6bf5659ea5e55def3ad,NOT
60c5d6bf5659ea5e55def1c9,NOT
60c5d6bf5659ea5e55defd75,HOF
60c5d6bf5659ea5e55df04b2,HOF
60c5d6bf5659ea5e55defe8b,HOF
60c5d6bf5659ea5e55def20a,HOF
60c5d6bf5659ea5e55defdf3,HOF
60c5d6bf5659ea5e55def308,NOT
60c5d6bf5659ea5e55def530,HOF
60c5d6bf5659ea5e55defdeb,NOT
60c5d6bf5659ea5e55df002e,HOF
60c5d6bf5659ea5e55defcdc,HOF
60c5d6bf5659ea5e55def56d,HOF
60c5d6bf5659ea5e55defbe1,HOF
60c5d6bf5659ea5e55def6f4,HOF
60c5d6bf5659ea5e55def404,HOF
60c5d6bf5659ea5e55defab9,HOF
60c5d6bf5659ea5e55defe9e,HOF
60c5d6bf5659ea5e55def6d4,HOF
60c5d6bf5659ea5e55df014d,NOT
60c5d6bf5659ea5e55def85d,HOF
60c5d6bf5659ea5e55df01e9,HOF
60c5d6bf5659ea5e55defb6d,HOF
60c5d6bf5659ea5e55def7a0,HOF
60c5d6bf5659ea5e55def7b9,HOF
60c5d6bf5659ea5e55defad8,NOT
60c5d6bf5659ea5e55def793,NOT
60c5d6bf5659ea5e55defa34,HOF
60c5d6bf5659ea5e55defe9b,NOT
60c5d6bf5659ea5e55def4d4,NOT
60c5d6bf5659ea5e55def533,HOF
60c5d6bf5659ea5e55defcfb,HOF
60c5d6bf5659ea5e55def4d1,NOT
60c5d6bf5659ea5e55def43a,NOT
60c5d6bf5659ea5e55df03dc,NOT
60c5d6bf5659ea5e55def447,NOT
60c5d6bf5659ea5e55defed6,HOF
60c5d6bf5659ea5e55def833,NOT
60c5d6bf5659ea5e55defa2d,HOF
60c5d6bf5659ea5e55df0111,HOF
60c5d6bf5659ea5e55df036c,NOT
60c5d6bf5659ea5e55def3d5,HOF
60c5d6bf5659ea5e55defdf9,NOT
60c5d6bf5659ea5e55df00b4,HOF
60c5d6bf5659ea5e55deffae,HOF
60c5d6bf5659ea5e55def13f,HOF
60c5d6bf5659ea5e55def4b0,HOF
60c5d6bf5659ea5e55def1b8,NOT
60c5d6bf5659ea5e55defdc5,NOT
60c5d6bf5659ea5e55defde9,HOF
60c5d6bf5659ea5e55def70f,NOT
60c5d6bf5659ea5e55def3f6,HOF
60c5d6bf5659ea5e55def1a2,NOT
60c5d6bf5659ea5e55defee4,NOT
60c5d6bf5659ea5e55defb46,HOF
60c5d6bf5659ea5e55defaa4,HOF
60c5d6bf5659ea5e55def494,NOT
60c5d6bf5659ea5e55def865,NOT
60c5d6bf5659ea5e55defd03,HOF
60c5d6bf5659ea5e55def983,NOT
60c5d6bf5659ea5e55def3bc,NOT
60c5d6bf5659ea5e55defd52,HOF
60c5d6bf5659ea5e55df028d,HOF
60c5d6bf5659ea5e55def581,NOT
60c5d6bf5659ea5e55def861,HOF
60c5d6bf5659ea5e55df0031,NOT
60c5d6bf5659ea5e55def8da,HOF
60c5d6bf5659ea5e55defa5f,NOT
60c5d6bf5659ea5e55df01f3,HOF
60c5d6bf5659ea5e55defa35,NOT
60c5d6bf5659ea5e55def719,HOF
60c5d6bf5659ea5e55df025d,NOT
60c5d6bf5659ea5e55defe7b,HOF
60c5d6bf5659ea5e55def6e6,HOF
60c5d6bf5659ea5e55df0393,NOT
60c5d6bf5659ea5e55def4d2,NOT
60c5d6bf5659ea5e55def63f,NOT
60c5d6bf5659ea5e55def5d8,HOF
60c5d6bf5659ea5e55def74f,NOT
60c5d6bf5659ea5e55defa0f,NOT
60c5d6bf5659ea5e55def575,HOF
60c5d6bf5659ea5e55deff66,HOF
60c5d6bf5659ea5e55def89b,NOT
60c5d6bf5659ea5e55def872,NOT
60c5d6bf5659ea5e55df0200,HOF
60c5d6bf5659ea5e55def700,HOF
60c5d6bf5659ea5e55defaaa,NOT
60c5d6bf5659ea5e55defac6,NOT
60c5d6bf5659ea5e55def885,NOT
60c5d6bf5659ea5e55def437,HOF
60c5d6bf5659ea5e55defb5c,NOT
60c5d6bf5659ea5e55defe5c,HOF
60c5d6bf5659ea5e55df0021,HOF
60c5d6bf5659ea5e55def190,NOT
60c5d6bf5659ea5e55def908,HOF
60c5d6bf5659ea5e55df00e3,NOT
60c5d6bf5659ea5e55defd2a,HOF
60c5d6bf5659ea5e55deffee,HOF
60c5d6bf5659ea5e55def0f4,HOF
60c5d6bf5659ea5e55defb73,HOF
60c5d6bf5659ea5e55defbf6,HOF
60c5d6bf5659ea5e55deff38,HOF
60c5d6bf5659ea5e55def843,HOF
60c5d6bf5659ea5e55df04a8,NOT
60c5d6bf5659ea5e55df0210,NOT
60c5d6bf5659ea5e55def7ee,HOF
60c5d6bf5659ea5e55df01fe,NOT
60c5d6bf5659ea5e55def809,HOF
60c5d6bf5659ea5e55def94b,NOT
60c5d6bf5659ea5e55df0076,HOF
60c5d6bf5659ea5e55def391,HOF
60c5d6bf5659ea5e55def2e4,HOF
60c5d6bf5659ea5e55df0065,NOT
60c5d6bf5659ea5e55def768,NOT
60c5d6bf5659ea5e55deffa0,HOF
60c5d6bf5659ea5e55def13c,NOT
60c5d6bf5659ea5e55def2fe,HOF
60c5d6bf5659ea5e55defde8,HOF
60c5d6bf5659ea5e55def29b,HOF
60c5d6bf5659ea5e55def3b1,HOF
60c5d6bf5659ea5e55def367,NOT
60c5d6bf5659ea5e55df0184,NOT
60c5d6bf5659ea5e55def591,HOF
60c5d6bf5659ea5e55def51d,HOF
60c5d6bf5659ea5e55defcfc,HOF
60c5d6bf5659ea5e55defe36,NOT
60c5d6bf5659ea5e55df00dc,HOF
60c5d6bf5659ea5e55def41d,NOT
60c5d6bf5659ea5e55defd76,HOF
60c5d6bf5659ea5e55df01c1,HOF
60c5d6bf5659ea5e55def460,HOF
60c5d6bf5659ea5e55deff8a,HOF
60c5d6bf5659ea5e55def9e1,HOF
60c5d6bf5659ea5e55def63a,HOF
60c5d6bf5659ea5e55def6cf,HOF
60c5d6bf5659ea5e55def5f8,NOT
60c5d6bf5659ea5e55def787,HOF
60c5d6bf5659ea5e55defd74,HOF
60c5d6bf5659ea5e55defb22,HOF
60c5d6bf5659ea5e55df033d,HOF
60c5d6bf5659ea5e55def725,HOF
60c5d6bf5659ea5e55defd1a,HOF
60c5d6bf5659ea5e55deffe0,NOT
60c5d6bf5659ea5e55defd33,HOF
60c5d6bf5659ea5e55df02ae,NOT
60c5d6bf5659ea5e55df0416,NOT
60c5d6bf5659ea5e55def87d,NOT
60c5d6bf5659ea5e55defc76,HOF
60c5d6bf5659ea5e55def4e4,HOF
60c5d6bf5659ea5e55df0214,HOF
60c5d6bf5659ea5e55def2d3,HOF
60c5d6bf5659ea5e55defc08,HOF
60c5d6bf5659ea5e55df040b,HOF
60c5d6bf5659ea5e55defaf8,HOF
60c5d6bf5659ea5e55def735,NOT
60c5d6bf5659ea5e55def520,HOF
60c5d6bf5659ea5e55def2f6,HOF
60c5d6bf5659ea5e55def1c0,HOF
60c5d6bf5659ea5e55def9fd,NOT
60c5d6bf5659ea5e55defaa2,HOF
60c5d6bf5659ea5e55defee0,HOF
60c5d6bf5659ea5e55defa93,NOT
60c5d6bf5659ea5e55def663,HOF
60c5d6bf5659ea5e55defaf9,HOF
60c5d6bf5659ea5e55def33e,HOF
60c5d6bf5659ea5e55def7f2,HOF
60c5d6bf5659ea5e55defaec,HOF
60c5d6bf5659ea5e55def50e,NOT
60c5d6bf5659ea5e55df03ff,NOT
60c5d6bf5659ea5e55def8d6,HOF
60c5d6bf5659ea5e55def7cc,HOF
60c5d6bf5659ea5e55def250,HOF
60c5d6bf5659ea5e55def4c4,HOF
60c5d6bf5659ea5e55def94d,HOF
60c5d6bf5659ea5e55def1cd,HOF
60c5d6bf5659ea5e55def7e7,HOF
60c5d6bf5659ea5e55def1c7,NOT
60c5d6bf5659ea5e55df01bf,HOF
60c5d6bf5659ea5e55defab8,NOT
60c5d6bf5659ea5e55defd88,NOT
60c5d6bf5659ea5e55defe24,NOT
60c5d6bf5659ea5e55df000e,HOF
60c5d6bf5659ea5e55df0267,HOF
60c5d6bf5659ea5e55defebb,HOF
60c5d6bf5659ea5e55def736,HOF
60c5d6bf5659ea5e55df035a,HOF
60c5d6bf5659ea5e55defa3d,HOF
60c5d6bf5659ea5e55def376,HOF
60c5d6bf5659ea5e55deff33,HOF
60c5d6bf5659ea5e55df022f,HOF
60c5d6bf5659ea5e55def7bd,HOF
60c5d6bf5659ea5e55defa14,NOT
60c5d6bf5659ea5e55defc6d,NOT
60c5d6bf5659ea5e55deff86,HOF
60c5d6bf5659ea5e55def94f,NOT
60c5d6bf5659ea5e55df0066,NOT
60c5d6bf5659ea5e55defe3b,NOT
60c5d6bf5659ea5e55df0473,NOT
60c5d6bf5659ea5e55def639,HOF
60c5d6bf5659ea5e55df0083,NOT
60c5d6bf5659ea5e55def1b3,NOT
60c5d6bf5659ea5e55def5f0,NOT
60c5d6bf5659ea5e55defe03,HOF
60c5d6bf5659ea5e55def436,HOF
60c5d6bf5659ea5e55defb96,HOF
60c5d6bf5659ea5e55defefb,HOF
60c5d6bf5659ea5e55def100,NOT
60c5d6bf5659ea5e55df0446,HOF
60c5d6bf5659ea5e55defa2b,HOF
60c5d6bf5659ea5e55df0243,HOF
60c5d6bf5659ea5e55defb3d,HOF
60c5d6bf5659ea5e55def4f2,NOT
60c5d6bf5659ea5e55df013b,HOF
60c5d6bf5659ea5e55defe4d,HOF
60c5d6bf5659ea5e55def81f,HOF
60c5d6bf5659ea5e55def418,HOF
60c5d6bf5659ea5e55def4ae,NOT
60c5d6bf5659ea5e55df0460,HOF
60c5d6bf5659ea5e55deff61,HOF
60c5d6bf5659ea5e55defc57,HOF
60c5d6bf5659ea5e55def8f0,HOF
60c5d6bf5659ea5e55def519,HOF
60c5d6bf5659ea5e55defd44,NOT
60c5d6bf5659ea5e55def8a7,NOT
60c5d6bf5659ea5e55def8ea,NOT
60c5d6bf5659ea5e55def12c,HOF
60c5d6bf5659ea5e55defde7,NOT
60c5d6bf5659ea5e55defc8b,HOF
60c5d6bf5659ea5e55def6b9,HOF
60c5d6bf5659ea5e55def234,HOF
60c5d6bf5659ea5e55defe0c,HOF
60c5d6bf5659ea5e55defb16,HOF
60c5d6bf5659ea5e55defac5,NOT
60c5d6bf5659ea5e55def2a7,HOF
60c5d6bf5659ea5e55df0008,HOF
60c5d6bf5659ea5e55def98d,HOF
60c5d6bf5659ea5e55def49a,HOF
60c5d6bf5659ea5e55df0408,NOT
60c5d6bf5659ea5e55def765,NOT
60c5d6bf5659ea5e55defd9e,HOF
60c5d6bf5659ea5e55def512,NOT
60c5d6bf5659ea5e55def305,HOF
60c5d6bf5659ea5e55df0439,HOF
60c5d6bf5659ea5e55defb81,HOF
60c5d6bf5659ea5e55def43f,NOT
60c5d6bf5659ea5e55def2be,HOF
60c5d6bf5659ea5e55def6a3,NOT
60c5d6bf5659ea5e55df039b,HOF
60c5d6bf5659ea5e55defb51,NOT
60c5d6bf5659ea5e55def6d5,NOT
60c5d6bf5659ea5e55defe87,HOF
60c5d6bf5659ea5e55def716,NOT
60c5d6bf5659ea5e55def9ec,NOT
60c5d6bf5659ea5e55df00df,HOF
60c5d6bf5659ea5e55def74c,HOF
60c5d6bf5659ea5e55df0380,NOT
60c5d6bf5659ea5e55defaeb,HOF
60c5d6bf5659ea5e55df03c3,HOF
60c5d6bf5659ea5e55def60b,HOF
